id;name;muscleGroup;equipment;movementPattern;level;goals;defaultSets;repsMin;repsMax;restSeconds;tags;alternatives
wger-1962-step-jack;Step Jack;Legs;none (bodyweight exercise);Other;Intermediate;FatLoss|Definition|MuscleGain|Fitness;3;8;12;120;wger|legs|none-bodyweight-exercise|other|quadriceps-femoris;
wger-1963-slow-squat;Slow Squat;Legs;none (bodyweight exercise);Squat;Intermediate;FatLoss|Definition|MuscleGain|Fitness;3;8;12;120;wger|legs|none-bodyweight-exercise|squat|quadriceps-femoris;
wger-1964-wide-push-up;Wide Push-Up;Chest;none (bodyweight exercise);HorizontalPush;Intermediate;FatLoss|Definition|MuscleGain|Fitness;3;8;12;90;wger|chest|none-bodyweight-exercise|horizontalpush|pectoralis-major;
wger-1965-marching-high-knees;Marching High Knees;Legs;none (bodyweight exercise);Squat;Intermediate;FatLoss|Definition|MuscleGain|Fitness;3;8;12;120;wger|legs|none-bodyweight-exercise|squat|quadriceps-femoris;
wger-31-axe-hold;Axe Hold;Arms;Dumbbell;Isolation;Intermediate;FatLoss|Definition|MuscleGain|Fitness;3;12;15;75;wger|arms|dumbbell|isolation;
wger-805-tricep-pushdown-on-cable;Tricep Pushdown on Cable;Arms;Bodyweight;Isolation;Intermediate;FatLoss|Definition|MuscleGain|Fitness;3;12;15;75;wger|arms|bodyweight|isolation|triceps-brachii;
wger-981-step-ups;Step-ups;Legs;Bench;Squat;Intermediate;FatLoss|Definition|MuscleGain|Fitness;3;8;12;120;wger|legs|bench|squat;
wger-980-commando-pull-ups;commando pull-ups;Core;Bodyweight;Core;Intermediate;FatLoss|Definition|MuscleGain|Fitness;3;12;20;60;wger|core|bodyweight|anterior-deltoid|biceps-brachii|latissimus-dorsi;
wger-1022-single-arm-plank-to-row;Single Arm Plank to Row;Back;Kettlebell;Pull;Intermediate;FatLoss|Definition|MuscleGain|Fitness;3;8;12;90;wger|back|kettlebell|pull|anterior-deltoid|biceps-brachii|brachialis;
wger-820-fingerboard-20-mm-edge;Fingerboard 20 mm edge;Arms;Bodyweight;Isolation;Intermediate;FatLoss|Definition|MuscleGain|Fitness;3;12;15;75;wger|arms|bodyweight|isolation;
wger-828-incline-bench-reverse-fly;Incline Bench Reverse Fly;Back;Dumbbell;Pull;Intermediate;FatLoss|Definition|MuscleGain|Fitness;3;8;12;90;wger|back|dumbbell|pull|anterior-deltoid|trapezius;
wger-907-handstand-push-up;Handstand Push Up;Shoulders;Bodyweight;VerticalPush;Intermediate;FatLoss|Definition|MuscleGain|Fitness;3;8;12;90;wger|shoulders|bodyweight|verticalpush|anterior-deltoid|triceps-brachii;
wger-908-zone-2-running;Zone 2 Running;Other;Bodyweight;Bodyweight;Intermediate;FatLoss|Definition|MuscleGain|Fitness;3;8;12;90;wger|other|bodyweight;
wger-923-lying-dumbbell-row-ss-seated-shrug;LYING DUMBBELL ROW SS SEATED SHRUG;Back;Dumbbell;Pull;Intermediate;FatLoss|Definition|MuscleGain|Fitness;3;8;12;90;wger|back|dumbbell|pull|latissimus-dorsi;
wger-927-suspended-crossess;Suspended crossess;Chest;none (bodyweight exercise);Other;Intermediate;FatLoss|Definition|MuscleGain|Fitness;3;8;12;90;wger|chest|none-bodyweight-exercise|other|pectoralis-major;
wger-958-biceps-with-trx;Biceps with TRX;Core;none (bodyweight exercise);Core;Intermediate;FatLoss|Definition|MuscleGain|Fitness;3;12;20;60;wger|core|none-bodyweight-exercise|biceps-brachii;
wger-960-kettlebell-swing;Kettlebell Swing;Core;Kettlebell;Core;Intermediate;FatLoss|Definition|MuscleGain|Fitness;3;12;20;60;wger|core|kettlebell|anterior-deltoid|gluteus-maximus;
wger-961-swimming-50m-sprints;Swimming 50m sprints;Other;Bodyweight;Bodyweight;Intermediate;FatLoss|Definition|MuscleGain|Fitness;3;8;12;90;wger|other|bodyweight;
wger-57-bear-walk-2;Bear Walk 2;Chest;none (bodyweight exercise);HorizontalPush;Intermediate;FatLoss|Definition|MuscleGain|Fitness;3;8;12;90;wger|chest|none-bodyweight-exercise|horizontalpush|anterior-deltoid|gastrocnemius|pectoralis-major;
wger-975-one-handed-kettlebell-curls;one-handed kettlebell curls;Arms;Kettlebell;Isolation;Intermediate;FatLoss|Definition|MuscleGain|Fitness;3;12;15;75;wger|arms|kettlebell|isolation|biceps-brachii;
wger-976-medicine-ball-booklet-crunch;Medicine ball booklet crunch;Core;none (bodyweight exercise);Core;Intermediate;FatLoss|Definition|MuscleGain|Fitness;3;12;20;60;wger|core|none-bodyweight-exercise|rectus-abdominis;
wger-977-box-squat;Box squat;Core;none (bodyweight exercise);Core;Intermediate;FatLoss|Definition|MuscleGain|Fitness;3;12;20;60;wger|core|none-bodyweight-exercise|gluteus-maximus|quadriceps-femoris|soleus;
wger-978-knee-raises;Knee Raises;Core;Bodyweight;Core;Intermediate;FatLoss|Definition|MuscleGain|Fitness;3;12;20;60;wger|core|bodyweight|rectus-abdominis;
wger-804-sloper-hanging;Sloper hanging;Arms;none (bodyweight exercise);Isolation;Intermediate;FatLoss|Definition|MuscleGain|Fitness;3;12;15;75;wger|arms|none-bodyweight-exercise|isolation;
wger-41-barbell-ab-rollout;Barbell Ab Rollout;Core;Barbell;Core;Intermediate;FatLoss|Definition|MuscleGain|Fitness;3;12;20;60;wger|core|barbell|obliquus-externus-abdominis;
wger-962-elliptical;Elliptical;Legs;none (bodyweight exercise);Other;Intermediate;FatLoss|Definition|MuscleGain|Fitness;3;8;12;120;wger|legs|none-bodyweight-exercise|other|gluteus-maximus|quadriceps-femoris|trapezius;
wger-983-high-knees;High knees;Other;none (bodyweight exercise);Other;Intermediate;FatLoss|Definition|MuscleGain|Fitness;3;8;12;90;wger|other|none-bodyweight-exercise;
wger-821-pullup-on-fingerboard;Pullup on fingerboard;Arms;none (bodyweight exercise);Isolation;Intermediate;FatLoss|Definition|MuscleGain|Fitness;3;12;15;75;wger|arms|none-bodyweight-exercise|isolation;
wger-985-push-up-rotations;Push-up rotations;Arms;none (bodyweight exercise);Isolation;Intermediate;FatLoss|Definition|MuscleGain|Fitness;3;12;15;75;wger|arms|none-bodyweight-exercise|isolation;
wger-990-kneeling-kickbacks;Kneeling kickbacks;Legs;none (bodyweight exercise);Squat;Intermediate;FatLoss|Definition|MuscleGain|Fitness;3;8;12;120;wger|legs|none-bodyweight-exercise|squat;
wger-909-reverse-nordic-curl;Reverse Nordic Curl;Legs;Bodyweight;Squat;Intermediate;FatLoss|Definition|MuscleGain|Fitness;3;8;12;120;wger|legs|bodyweight|squat|quadriceps-femoris;
wger-912-straight-bar-cable-curls;Straight Bar Cable Curls;Arms;Bodyweight;Isolation;Intermediate;FatLoss|Definition|MuscleGain|Fitness;3;12;15;75;wger|arms|bodyweight|isolation|biceps-brachii;
wger-924-cable-fly;Cable Fly;Chest;Bodyweight;HorizontalPush;Intermediate;FatLoss|Definition|MuscleGain|Fitness;3;8;12;90;wger|chest|bodyweight|horizontalpush|pectoralis-major;
wger-993-jump-rope-basic-jumps;Jump rope: basic jumps;Other;none (bodyweight exercise);Other;Intermediate;FatLoss|Definition|MuscleGain|Fitness;3;8;12;90;wger|other|none-bodyweight-exercise;
wger-959-trx-rows;TRX Rows;Core;none (bodyweight exercise);Core;Intermediate;FatLoss|Definition|MuscleGain|Fitness;3;12;20;60;wger|core|none-bodyweight-exercise|anterior-deltoid|biceps-brachii|latissimus-dorsi;
wger-979-leg-raises-pull-up-bar;Leg raises pull up bar;Core;Bodyweight;Core;Intermediate;FatLoss|Definition|MuscleGain|Fitness;3;12;20;60;wger|core|bodyweight|rectus-abdominis;
wger-996-mountain-climbers;Mountain climbers;Chest;none (bodyweight exercise);HorizontalPush;Intermediate;FatLoss|Definition|MuscleGain|Fitness;3;8;12;90;wger|chest|none-bodyweight-exercise|horizontalpush;
wger-997-4-count-burpees;4-count burpees;Chest;none (bodyweight exercise);HorizontalPush;Intermediate;FatLoss|Definition|MuscleGain|Fitness;3;8;12;90;wger|chest|none-bodyweight-exercise|horizontalpush;
wger-998-no-push-up-burpees;No push-up burpees;Chest;none (bodyweight exercise);HorizontalPush;Intermediate;FatLoss|Definition|MuscleGain|Fitness;3;8;12;90;wger|chest|none-bodyweight-exercise|horizontalpush;
wger-1000-floor-dips;Floor dips;Arms;none (bodyweight exercise);Isolation;Intermediate;FatLoss|Definition|MuscleGain|Fitness;3;12;15;75;wger|arms|none-bodyweight-exercise|isolation;
wger-1002-child-s-pose;Child's pose;Back;none (bodyweight exercise);Pull;Intermediate;FatLoss|Definition|MuscleGain|Fitness;3;8;12;90;wger|back|none-bodyweight-exercise|pull;
wger-1003-kettlebell-deadlifts;Kettlebell deadlifts;Back;Kettlebell;Pull;Intermediate;FatLoss|Definition|MuscleGain|Fitness;3;8;12;90;wger|back|kettlebell|pull;
wger-112-body-ups;Body-Ups;Arms;none (bodyweight exercise);Isolation;Intermediate;FatLoss|Definition|MuscleGain|Fitness;3;12;15;75;wger|arms|none-bodyweight-exercise|isolation;
wger-79-bent-high-pulls;Bent High Pulls;Shoulders;Dumbbell;VerticalPush;Intermediate;FatLoss|Definition|MuscleGain|Fitness;3;8;12;90;wger|shoulders|dumbbell|verticalpush|trapezius;
wger-1006-chin-tuck;Chin tuck;Back;none (bodyweight exercise);Pull;Intermediate;FatLoss|Definition|MuscleGain|Fitness;3;8;12;90;wger|back|none-bodyweight-exercise|pull;
wger-1007-head-turns;Head turns;Shoulders;none (bodyweight exercise);VerticalPush;Intermediate;FatLoss|Definition|MuscleGain|Fitness;3;8;12;90;wger|shoulders|none-bodyweight-exercise|verticalpush;
wger-1010-back-neck-stretch;Back neck stretch;Back;none (bodyweight exercise);Pull;Intermediate;FatLoss|Definition|MuscleGain|Fitness;3;8;12;90;wger|back|none-bodyweight-exercise|pull;
wger-1630-blaze;Blaze;Shoulders;Bench;Other;Intermediate;FatLoss|Definition|MuscleGain|Fitness;3;8;12;90;wger|shoulders|bench|other|anterior-deltoid|gluteus-maximus|pectoralis-major;
wger-1012-alternating-bicep-curls;Alternating bicep curls;Arms;Dumbbell;Isolation;Intermediate;FatLoss|Definition|MuscleGain|Fitness;3;12;15;75;wger|arms|dumbbell|isolation;
wger-1018-head-tilts;Head tilts;Back;none (bodyweight exercise);Pull;Intermediate;FatLoss|Definition|MuscleGain|Fitness;3;8;12;90;wger|back|none-bodyweight-exercise|pull;
wger-910-nordic-curl;Nordic Curl;Legs;Bodyweight;Squat;Intermediate;FatLoss|Definition|MuscleGain|Fitness;3;8;12;120;wger|legs|bodyweight|squat|biceps-femoris;
wger-913-reverse-preacher-curl-close-grip;Reverse Preacher Curl (Close Grip);Arms;Barbell;Isolation;Intermediate;FatLoss|Definition|MuscleGain|Fitness;3;12;15;75;wger|arms|barbell|isolation|biceps-brachii;
wger-925-smith-machine-slight-incline-press;SMITH MACHINE SLIGHT INCLINE PRESS;Chest;Bodyweight;HorizontalPush;Intermediate;FatLoss|Definition|MuscleGain|Fitness;3;8;12;90;wger|chest|bodyweight|horizontalpush|pectoralis-major;
wger-154-chin-ups;Chin-ups;Back;Bodyweight;Pull;Intermediate;FatLoss|Definition|MuscleGain|Fitness;3;8;12;90;wger|back|bodyweight|pull|latissimus-dorsi;
wger-132-burpees;Burpees;Chest;Bodyweight;HorizontalPush;Intermediate;FatLoss|Definition|MuscleGain|Fitness;3;8;12;90;wger|chest|bodyweight|horizontalpush;
wger-129-chest-press;Chest Press;Chest;Bodyweight;HorizontalPush;Intermediate;FatLoss|Definition|MuscleGain|Fitness;3;8;12;90;wger|chest|bodyweight|horizontalpush|pectoralis-major;
wger-161-cross-bench-dumbbell-pullovers;Cross-Bench Dumbbell Pullovers;Chest;Dumbbell;HorizontalPush;Intermediate;FatLoss|Definition|MuscleGain|Fitness;3;8;12;90;wger|chest|dumbbell|horizontalpush|latissimus-dorsi|pectoralis-major|serratus-anterior;
wger-182-deadhang;Deadhang;Arms;Bodyweight;Isolation;Intermediate;FatLoss|Definition|MuscleGain|Fitness;3;12;15;75;wger|arms|bodyweight|isolation;
wger-177-cycling;Cycling;Other;none (bodyweight exercise);Other;Intermediate;FatLoss|Definition|MuscleGain|Fitness;3;8;12;90;wger|other|none-bodyweight-exercise|obliquus-externus-abdominis|trapezius;
wger-145-cable-woodchoppers;Cable Woodchoppers;Core;Bodyweight;Core;Intermediate;FatLoss|Definition|MuscleGain|Fitness;3;12;20;60;wger|core|bodyweight|obliquus-externus-abdominis;
wger-178-deadbug;Deadbug;Core;Bodyweight;Core;Intermediate;FatLoss|Definition|MuscleGain|Fitness;3;12;20;60;wger|core|bodyweight;
wger-152-chin-up;Chin Up;Back;Bodyweight;Pull;Intermediate;FatLoss|Definition|MuscleGain|Fitness;3;8;12;90;wger|back|bodyweight|pull;
wger-222-facepull;Facepull;Shoulders;Bodyweight;VerticalPush;Intermediate;FatLoss|Definition|MuscleGain|Fitness;3;8;12;90;wger|shoulders|bodyweight|verticalpush|trapezius;
wger-914-reverse-ez-bar-cable-curls;Reverse EZ Bar Cable Curls;Arms;Barbell;Isolation;Intermediate;FatLoss|Definition|MuscleGain|Fitness;3;12;15;75;wger|arms|barbell|isolation|biceps-brachii;
wger-926-machine-chest-fly;Machine chest fly;Chest;Bodyweight;HorizontalPush;Intermediate;FatLoss|Definition|MuscleGain|Fitness;3;8;12;90;wger|chest|bodyweight|horizontalpush|pectoralis-major;
wger-208-dumbbells-on-scott-machine;Dumbbells on Scott Machine;Arms;Bodyweight;Isolation;Intermediate;FatLoss|Definition|MuscleGain|Fitness;3;12;15;75;wger|arms|bodyweight|isolation|biceps-brachii;
wger-301-hyperextensions;Hyperextensions;Back;Bodyweight;Pull;Intermediate;FatLoss|Definition|MuscleGain|Fitness;3;8;12;90;wger|back|bodyweight|pull|trapezius;
wger-285-high-knee-jumps;High Knee Jumps;Arms;Bodyweight;Bodyweight;Intermediate;FatLoss|Definition|MuscleGain|Fitness;3;8;12;90;wger|arms|bodyweight|biceps-femoris|gastrocnemius|quadriceps-femoris;
wger-901-barbell-hip-thrust;Barbell Hip Thrust;Legs;Barbell;Squat;Intermediate;FatLoss|Definition|MuscleGain|Fitness;3;8;12;120;wger|legs|barbell|squat|gluteus-maximus;
wger-915-bus-drivers;BUS DRIVERS;Shoulders;Bodyweight;VerticalPush;Intermediate;FatLoss|Definition|MuscleGain|Fitness;3;8;12;90;wger|shoulders|bodyweight|verticalpush|anterior-deltoid;
wger-279-hand-grip;Hand Grip;Arms;Bodyweight;Isolation;Intermediate;FatLoss|Definition|MuscleGain|Fitness;3;12;15;75;wger|arms|bodyweight|isolation;
wger-292-hip-raise-lying;Hip Raise, Lying;Back;none (bodyweight exercise);Pull;Intermediate;FatLoss|Definition|MuscleGain|Fitness;3;8;12;90;wger|back|none-bodyweight-exercise|pull;
wger-284-hercules-pillars;Hercules Pillars;Arms;Bodyweight;Isolation;Intermediate;FatLoss|Definition|MuscleGain|Fitness;3;12;15;75;wger|arms|bodyweight|isolation|biceps-brachii|brachialis|triceps-brachii;
wger-294-hip-thrust;Hip Thrust;Legs;Barbell;Squat;Intermediate;FatLoss|Definition|MuscleGain|Fitness;3;8;12;120;wger|legs|barbell|squat|gluteus-maximus;
wger-289-high-pull;High Pull;Shoulders;Bodyweight;VerticalPush;Intermediate;FatLoss|Definition|MuscleGain|Fitness;3;8;12;90;wger|shoulders|bodyweight|verticalpush|anterior-deltoid;
wger-297-hollow-hold;Hollow Hold;Core;Bodyweight;Core;Intermediate;FatLoss|Definition|MuscleGain|Fitness;3;12;20;60;wger|core|bodyweight|obliquus-externus-abdominis|rectus-abdominis;
wger-1634-rope-pullover-row;Rope Pullover/row;Back;Bench;Pull;Intermediate;FatLoss|Definition|MuscleGain|Fitness;3;8;12;90;wger|back|bench|pull|latissimus-dorsi;
wger-1637-single-arm-row;Single arm row;Back;Bench;Pull;Intermediate;FatLoss|Definition|MuscleGain|Fitness;3;8;12;90;wger|back|bench|pull|latissimus-dorsi;
wger-1638-barbell-clean-and-press;Barbell Clean and press;Shoulders;Dumbbell;VerticalPush;Intermediate;FatLoss|Definition|MuscleGain|Fitness;3;8;12;90;wger|shoulders|dumbbell|verticalpush|anterior-deltoid|pectoralis-major;
wger-310-incline-dumbbell-row;Incline Dumbbell Row;Back;Dumbbell;Pull;Intermediate;FatLoss|Definition|MuscleGain|Fitness;3;8;12;90;wger|back|dumbbell|pull;
wger-268-good-mornings;Good Mornings;Legs;Bodyweight;Squat;Intermediate;FatLoss|Definition|MuscleGain|Fitness;3;8;12;120;wger|legs|bodyweight|squat|biceps-femoris;
wger-827-front-plate-raise;Front Plate Raise;Shoulders;Bodyweight;VerticalPush;Intermediate;FatLoss|Definition|MuscleGain|Fitness;3;8;12;90;wger|shoulders|bodyweight|verticalpush|anterior-deltoid;
wger-916-smith-press;Smith Press;Shoulders;Bench;VerticalPush;Intermediate;FatLoss|Definition|MuscleGain|Fitness;3;8;12;90;wger|shoulders|bench|verticalpush|anterior-deltoid;
wger-314-isometric-wipers;Isometric Wipers;Chest;none (bodyweight exercise);HorizontalPush;Intermediate;FatLoss|Definition|MuscleGain|Fitness;3;8;12;90;wger|chest|none-bodyweight-exercise|horizontalpush|pectoralis-major;
wger-320-jumping-jacks;Jumping Jacks;Legs;Bodyweight;Squat;Intermediate;FatLoss|Definition|MuscleGain|Fitness;3;8;12;120;wger|legs|bodyweight|squat|quadriceps-femoris;
wger-346-landmine-press;Landmine press;Shoulders;Barbell;VerticalPush;Intermediate;FatLoss|Definition|MuscleGain|Fitness;3;8;12;90;wger|shoulders|barbell|verticalpush|anterior-deltoid;
wger-323-cable-cross-over;Cable Cross-over;Chest;Bodyweight;HorizontalPush;Intermediate;FatLoss|Definition|MuscleGain|Fitness;3;8;12;90;wger|chest|bodyweight|horizontalpush|pectoralis-major;
wger-319-jogging;Jogging;Other;Bodyweight;Bodyweight;Intermediate;FatLoss|Definition|MuscleGain|Fitness;3;8;12;90;wger|other|bodyweight;
wger-395-long-pulley-narrow;Long-Pulley, Narrow;Back;Bodyweight;Pull;Intermediate;FatLoss|Definition|MuscleGain|Fitness;3;8;12;90;wger|back|bodyweight|pull|latissimus-dorsi;
wger-917-straight-bar-cable-front-raise;Straight Bar Cable Front Raise;Shoulders;Barbell;VerticalPush;Intermediate;FatLoss|Definition|MuscleGain|Fitness;3;8;12;90;wger|shoulders|barbell|verticalpush|anterior-deltoid;
wger-957-quadriped-arm-and-leg-raise;Quadriped Arm and Leg Raise;Back;none (bodyweight exercise);Pull;Intermediate;FatLoss|Definition|MuscleGain|Fitness;3;8;12;90;wger|back|none-bodyweight-exercise|pull|anterior-deltoid|gluteus-maximus|serratus-anterior;
wger-394-long-pulley-low-row;Long-Pulley (low Row);Back;Bodyweight;Pull;Intermediate;FatLoss|Definition|MuscleGain|Fitness;3;8;12;90;wger|back|bodyweight|pull|latissimus-dorsi;
wger-406-lying-rotator-cuff-exercise;Lying Rotator Cuff Exercise;Shoulders;Dumbbell;VerticalPush;Intermediate;FatLoss|Definition|MuscleGain|Fitness;3;8;12;90;wger|shoulders|dumbbell|verticalpush;
wger-423-muscle-up;Muscle up;Back;Bodyweight;Pull;Intermediate;FatLoss|Definition|MuscleGain|Fitness;3;8;12;90;wger|back|bodyweight|pull|biceps-brachii|biceps-femoris;
wger-382-l-hold;L Hold;Core;Bodyweight;Core;Intermediate;FatLoss|Definition|MuscleGain|Fitness;3;12;20;60;wger|core|bodyweight;
wger-468-prone-scapular-retraction-arms-at-side;Prone Scapular Retraction - Arms at Side;Back;Bodyweight;Pull;Intermediate;FatLoss|Definition|MuscleGain|Fitness;3;8;12;90;wger|back|bodyweight|pull|trapezius;
wger-454-pike-push-ups;Pike Push Ups;Arms;none (bodyweight exercise);Isolation;Intermediate;FatLoss|Definition|MuscleGain|Fitness;3;12;15;75;wger|arms|none-bodyweight-exercise|isolation|pectoralis-major;
wger-918-seated-dumbbell-side-lateral;Seated Dumbbell Side Lateral;Shoulders;Dumbbell;VerticalPush;Intermediate;FatLoss|Definition|MuscleGain|Fitness;3;8;12;90;wger|shoulders|dumbbell|verticalpush|anterior-deltoid;
wger-439-overhand-cable-curl;Overhand Cable Curl;Core;Bodyweight;Core;Intermediate;FatLoss|Definition|MuscleGain|Fitness;3;12;20;60;wger|core|bodyweight|biceps-brachii;
wger-495-reverse-curl;Reverse Curl;Arms;Barbell;Isolation;Intermediate;FatLoss|Definition|MuscleGain|Fitness;3;12;15;75;wger|arms|barbell|isolation|biceps-brachii|brachialis;
wger-919-t-bar-row;T-Bar row;Back;Barbell;Pull;Intermediate;FatLoss|Definition|MuscleGain|Fitness;3;8;12;90;wger|back|barbell|pull|latissimus-dorsi|trapezius;
wger-516-front-wood-chop;Front Wood Chop;Back;Bodyweight;Pull;Intermediate;FatLoss|Definition|MuscleGain|Fitness;3;8;12;90;wger|back|bodyweight|pull;
wger-505-roman-chair;Roman Chair;Core;Bodyweight;Core;Intermediate;FatLoss|Definition|MuscleGain|Fitness;3;12;20;60;wger|core|bodyweight;
wger-1635-modified-pulldown;Modified pulldown;Back;Bench;Pull;Intermediate;FatLoss|Definition|MuscleGain|Fitness;3;8;12;90;wger|back|bench|pull|latissimus-dorsi;
wger-1639-dumbbell-bent-over-face-pull;Dumbbell Bent Over Face Pull;Back;Dumbbell;Pull;Intermediate;FatLoss|Definition|MuscleGain|Fitness;3;8;12;90;wger|back|dumbbell|pull|anterior-deltoid|latissimus-dorsi;
wger-1713-doorway-pectoral-stretch;Doorway Pectoral Stretch;Chest;none (bodyweight exercise);HorizontalPush;Intermediate;FatLoss|Definition|MuscleGain|Fitness;3;8;12;90;wger|chest|none-bodyweight-exercise|horizontalpush|pectoralis-major;
wger-527-run;Run;Other;Bodyweight;Bodyweight;Intermediate;FatLoss|Definition|MuscleGain|Fitness;3;8;12;90;wger|other|bodyweight;
wger-539-incline-bench-press-mp;Incline Bench Press - MP;Chest;Bodyweight;HorizontalPush;Intermediate;FatLoss|Definition|MuscleGain|Fitness;3;8;12;90;wger|chest|bodyweight|horizontalpush|pectoralis-major;
wger-500-reverse-plank;Reverse Plank;Core;Bodyweight;Core;Intermediate;FatLoss|Definition|MuscleGain|Fitness;3;12;20;60;wger|core|bodyweight;
wger-577-side-dumbbell-trunk-flexion;Side Dumbbell Trunk Flexion;Core;Dumbbell;Core;Intermediate;FatLoss|Definition|MuscleGain|Fitness;3;12;20;60;wger|core|dumbbell|obliquus-externus-abdominis;
wger-578-side-lying-external-rotation;Side-lying External Rotation;Shoulders;Bodyweight;VerticalPush;Intermediate;FatLoss|Definition|MuscleGain|Fitness;3;8;12;90;wger|shoulders|bodyweight|verticalpush;
wger-595-skipping-standard;Skipping - Standard;Other;Bodyweight;Bodyweight;Intermediate;FatLoss|Definition|MuscleGain|Fitness;3;8;12;90;wger|other|bodyweight|gastrocnemius;
wger-556-side-bends-on-machine;Side Bends on Machine;Core;Dumbbell;Core;Intermediate;FatLoss|Definition|MuscleGain|Fitness;3;12;20;60;wger|core|dumbbell|obliquus-externus-abdominis;
wger-624-stationary-bike;Stationary Bike;Other;Bodyweight;Bodyweight;Intermediate;FatLoss|Definition|MuscleGain|Fitness;3;8;12;90;wger|other|bodyweight;
wger-655-tricep-dumbbell-kickback;Tricep Dumbbell Kickback;Arms;Dumbbell;Isolation;Intermediate;FatLoss|Definition|MuscleGain|Fitness;3;12;15;75;wger|arms|dumbbell|isolation|triceps-brachii;
wger-636-superman;Superman;Back;Bodyweight;Pull;Intermediate;FatLoss|Definition|MuscleGain|Fitness;3;8;12;90;wger|back|bodyweight|pull|gluteus-maximus|latissimus-dorsi;
wger-661-triceps-on-machine;Triceps on Machine;Arms;Bodyweight;Isolation;Intermediate;FatLoss|Definition|MuscleGain|Fitness;3;12;15;75;wger|arms|bodyweight|isolation|triceps-brachii;
wger-623-standing-rope-forearm;Standing Rope Forearm;Arms;Bodyweight;Isolation;Intermediate;FatLoss|Definition|MuscleGain|Fitness;3;12;15;75;wger|arms|bodyweight|isolation;
wger-675-turkish-get-up;Turkish Get-Up;Core;Dumbbell;Core;Intermediate;FatLoss|Definition|MuscleGain|Fitness;3;12;20;60;wger|core|dumbbell|anterior-deltoid|gluteus-maximus|obliquus-externus-abdominis;
wger-922-seated-cable-mid-trap-shrug;SEATED CABLE MID TRAP SHRUG;Back;Bodyweight;Pull;Intermediate;FatLoss|Definition|MuscleGain|Fitness;3;8;12;90;wger|back|bodyweight|pull|latissimus-dorsi;
wger-974-curl-with-kettlebell-two-hands;Curl with kettlebell two hands;Arms;Kettlebell;Isolation;Intermediate;FatLoss|Definition|MuscleGain|Fitness;3;12;15;75;wger|arms|kettlebell|isolation|biceps-brachii;
wger-683-power-clean;Power Clean;Chest;Barbell;HorizontalPush;Intermediate;FatLoss|Definition|MuscleGain|Fitness;3;8;12;90;wger|chest|barbell|horizontalpush|pectoralis-major;
wger-722-weighted-step-ups;Weighted Step-ups;Legs;Bodyweight;Squat;Intermediate;FatLoss|Definition|MuscleGain|Fitness;3;8;12;120;wger|legs|bodyweight|squat;
wger-688-upper-external-oblique;Upper External Oblique;Chest;Bodyweight;HorizontalPush;Intermediate;FatLoss|Definition|MuscleGain|Fitness;3;8;12;90;wger|chest|bodyweight|horizontalpush|obliquus-externus-abdominis;
wger-672-trunk-rotation-with-cable;Trunk Rotation With Cable;Core;Bodyweight;Core;Intermediate;FatLoss|Definition|MuscleGain|Fitness;3;12;20;60;wger|core|bodyweight|obliquus-externus-abdominis;
wger-716-wall-slides;Wall Slides;Back;none (bodyweight exercise);Pull;Intermediate;FatLoss|Definition|MuscleGain|Fitness;3;8;12;90;wger|back|none-bodyweight-exercise|pull|biceps-brachii|biceps-femoris|pectoralis-major;
wger-687-overhead-press;Overhead Press;Chest;Barbell;HorizontalPush;Intermediate;FatLoss|Definition|MuscleGain|Fitness;3;8;12;90;wger|chest|barbell|horizontalpush|anterior-deltoid;
wger-1027-elevated-prayer-stretch;Elevated prayer stretch;Back;Bench;Pull;Intermediate;FatLoss|Definition|MuscleGain|Fitness;3;8;12;90;wger|back|bench|pull|latissimus-dorsi;
wger-1028-quadruped-thoracic-rotation-left;Quadruped thoracic rotation left;Back;none (bodyweight exercise);Pull;Intermediate;FatLoss|Definition|MuscleGain|Fitness;3;8;12;90;wger|back|none-bodyweight-exercise|pull;
wger-1029-quadruped-thoracic-rotation-right;Quadruped thoracic rotation right;Back;none (bodyweight exercise);Pull;Intermediate;FatLoss|Definition|MuscleGain|Fitness;3;8;12;90;wger|back|none-bodyweight-exercise|pull;
wger-1080-hindu-pushups;Hindu Pushups;Shoulders;Bodyweight;VerticalPush;Intermediate;FatLoss|Definition|MuscleGain|Fitness;3;8;12;90;wger|shoulders|bodyweight|verticalpush|anterior-deltoid|pectoralis-major;
wger-1081-shoulder-dislocates;Shoulder dislocates;Shoulders;Bodyweight;VerticalPush;Intermediate;FatLoss|Definition|MuscleGain|Fitness;3;8;12;90;wger|shoulders|bodyweight|verticalpush;
wger-1082-bent-over-row-to-external-rotation;Bent over row to external rotation;Back;Bodyweight;Pull;Intermediate;FatLoss|Definition|MuscleGain|Fitness;3;8;12;90;wger|back|bodyweight|pull;
wger-1083-ywts;YWTs;Back;Bodyweight;Pull;Intermediate;FatLoss|Definition|MuscleGain|Fitness;3;8;12;90;wger|back|bodyweight|pull;
wger-1086-close-grip-press-ups;Close-grip Press-ups;Chest;none (bodyweight exercise);HorizontalPush;Intermediate;FatLoss|Definition|MuscleGain|Fitness;3;8;12;90;wger|chest|none-bodyweight-exercise|horizontalpush|brachialis|latissimus-dorsi|pectoralis-major;
wger-1087-dumbbell-hang-power-cleans;Dumbbell Hang Power Cleans;Back;Dumbbell;Pull;Intermediate;FatLoss|Definition|MuscleGain|Fitness;3;8;12;90;wger|back|dumbbell|pull;
wger-1088-dumbbell-sumo-deadlift;Dumbbell sumo deadlift;Legs;Dumbbell;Squat;Intermediate;FatLoss|Definition|MuscleGain|Fitness;3;8;12;120;wger|legs|dumbbell|squat;
wger-1089-medicine-ball-twist;Medicine ball twist;Core;Bodyweight;Core;Intermediate;FatLoss|Definition|MuscleGain|Fitness;3;12;20;60;wger|core|bodyweight|obliquus-externus-abdominis|rectus-abdominis;
wger-1090-vpushup;Vpushup;Core;none (bodyweight exercise);Core;Intermediate;FatLoss|Definition|MuscleGain|Fitness;3;12;20;60;wger|core|none-bodyweight-exercise|pectoralis-major|quadriceps-femoris|rectus-abdominis;
wger-1091-plank-shoulder-taps;Plank Shoulder Taps;Core;Bodyweight;Core;Intermediate;FatLoss|Definition|MuscleGain|Fitness;3;12;20;60;wger|core|bodyweight|anterior-deltoid|gluteus-maximus|rectus-abdominis;
wger-1636-unilateral-cable-row;Unilateral Cable row;Back;Bench;Pull;Intermediate;FatLoss|Definition|MuscleGain|Fitness;3;8;12;90;wger|back|bench|pull|latissimus-dorsi;
wger-1640-dumbbell-front-squat;Dumbbell Front Squat;Legs;Dumbbell;Squat;Intermediate;FatLoss|Definition|MuscleGain|Fitness;3;8;12;120;wger|legs|dumbbell|squat|gluteus-maximus|quadriceps-femoris;
wger-1641-kettlebell-one-legged-deadlift;Kettlebell One Legged Deadlift;Legs;Dumbbell;Squat;Intermediate;FatLoss|Definition|MuscleGain|Fitness;3;8;12;120;wger|legs|dumbbell|squat|gluteus-maximus;
wger-1642-dumbbell-hip-thrust;Dumbbell Hip Thrust;Legs;Dumbbell;Squat;Intermediate;FatLoss|Definition|MuscleGain|Fitness;3;8;12;120;wger|legs|dumbbell|squat|gluteus-maximus|quadriceps-femoris;
wger-1645-dumbbell-shrug;Dumbbell Shrug;Shoulders;Dumbbell;VerticalPush;Intermediate;FatLoss|Definition|MuscleGain|Fitness;3;8;12;90;wger|shoulders|dumbbell|verticalpush;
wger-1648-weighted-crunch;Weighted Crunch;Core;Dumbbell;Core;Intermediate;FatLoss|Definition|MuscleGain|Fitness;3;12;20;60;wger|core|dumbbell|obliquus-externus-abdominis;
wger-1650-dumbbell-side-bend;Dumbbell Side Bend;Core;Dumbbell;Core;Intermediate;FatLoss|Definition|MuscleGain|Fitness;3;12;20;60;wger|core|dumbbell|obliquus-externus-abdominis;
wger-1651-dumbbell-rear-lunge;Dumbbell Rear Lunge;Legs;Dumbbell;Squat;Intermediate;FatLoss|Definition|MuscleGain|Fitness;3;8;12;120;wger|legs|dumbbell|squat|gluteus-maximus|quadriceps-femoris;
wger-1653-dumbbell-side-squat;Dumbbell Side Squat;Legs;Bodyweight;Squat;Intermediate;FatLoss|Definition|MuscleGain|Fitness;3;8;12;120;wger|legs|bodyweight|squat|gluteus-maximus|quadriceps-femoris;
wger-1654-machine-lateral-wise;Machine lateral wise;Shoulders;Bodyweight;VerticalPush;Intermediate;FatLoss|Definition|MuscleGain|Fitness;3;8;12;90;wger|shoulders|bodyweight|verticalpush|anterior-deltoid;
wger-1655-machine-chest-press-exercise;Machine Chest Press Exercise;Chest;Bodyweight;HorizontalPush;Intermediate;FatLoss|Definition|MuscleGain|Fitness;3;8;12;90;wger|chest|bodyweight|horizontalpush|pectoralis-major;
wger-1104-walking;Walking;Arms;none (bodyweight exercise);Other;Intermediate;FatLoss|Definition|MuscleGain|Fitness;3;8;12;90;wger|arms|none-bodyweight-exercise|other|biceps-femoris|gastrocnemius|gluteus-maximus;
wger-1188-flexion-lateral;Flexión lateral;Core;Dumbbell;Core;Intermediate;FatLoss|Definition|MuscleGain|Fitness;3;12;20;60;wger|core|dumbbell;
wger-1652-dumbbell-romanian-deadlift;Dumbbell Romanian Deadlift;Legs;Dumbbell;Squat;Intermediate;FatLoss|Definition|MuscleGain|Fitness;3;8;12;120;wger|legs|dumbbell|squat|biceps-femoris|gluteus-maximus;
wger-911-incline-skull-crush;Incline Skull Crush;Arms;Bodyweight;Isolation;Intermediate;FatLoss|Definition|MuscleGain|Fitness;3;12;15;75;wger|arms|bodyweight|isolation|triceps-brachii;
wger-829-rear-delt-raise;Rear Delt Raise;Shoulders;Dumbbell;VerticalPush;Intermediate;FatLoss|Definition|MuscleGain|Fitness;3;8;12;90;wger|shoulders|dumbbell|verticalpush|anterior-deltoid|trapezius;
wger-1011-front-neck-stretch;Front neck stretch;Back;none (bodyweight exercise);Pull;Intermediate;FatLoss|Definition|MuscleGain|Fitness;3;8;12;90;wger|back|none-bodyweight-exercise|pull;
wger-9-2-handed-kettlebell-swing;2 Handed Kettlebell Swing;Core;Kettlebell;Core;Intermediate;FatLoss|Definition|MuscleGain|Fitness;3;12;20;60;wger|core|kettlebell;
wger-1093-rowing-machine;Rowing Machine;Shoulders;none (bodyweight exercise);Pull;Intermediate;FatLoss|Definition|MuscleGain|Fitness;3;8;12;90;wger|shoulders|none-bodyweight-exercise|pull|anterior-deltoid|biceps-brachii|biceps-femoris;
wger-1094-seated-bench-press;Seated Bench Press;Chest;Bench;HorizontalPush;Intermediate;FatLoss|Definition|MuscleGain|Fitness;3;8;12;90;wger|chest|bench|horizontalpush|pectoralis-major;
wger-84-bent-over-rowing-reverse;Bent Over Rowing Reverse;Back;Barbell;Pull;Intermediate;FatLoss|Definition|MuscleGain|Fitness;3;8;12;90;wger|back|barbell|pull|latissimus-dorsi;
wger-1096-abduction-while-standing;Abduction while standing;Legs;none (bodyweight exercise);Squat;Intermediate;FatLoss|Definition|MuscleGain|Fitness;3;8;12;120;wger|legs|none-bodyweight-exercise|squat;
wger-1098-seated-rear-delt-rise;Seated rear delt rise;Back;Dumbbell;Pull;Intermediate;FatLoss|Definition|MuscleGain|Fitness;3;8;12;90;wger|back|dumbbell|pull|latissimus-dorsi;
wger-1099-dynamic-side-hold;Dynamic side hold;Core;Kettlebell;Core;Intermediate;FatLoss|Definition|MuscleGain|Fitness;3;12;20;60;wger|core|kettlebell|obliquus-externus-abdominis;
wger-1100-wall-balls;Wall balls;Legs;Bodyweight;Squat;Intermediate;FatLoss|Definition|MuscleGain|Fitness;3;8;12;120;wger|legs|bodyweight|squat|anterior-deltoid|gluteus-maximus|quadriceps-femoris;
wger-1101-horizontal-traction-isometry;Horizontal traction isometry;Core;Bodyweight;Core;Intermediate;FatLoss|Definition|MuscleGain|Fitness;3;12;20;60;wger|core|bodyweight|latissimus-dorsi|pectoralis-major;
wger-1102-alternate-back-lunges;Alternate back lunges;Legs;none (bodyweight exercise);Squat;Intermediate;FatLoss|Definition|MuscleGain|Fitness;3;8;12;120;wger|legs|none-bodyweight-exercise|squat|gluteus-maximus|quadriceps-femoris;
wger-1103-walking-bridge;walking bridge;Core;none (bodyweight exercise);Core;Intermediate;FatLoss|Definition|MuscleGain|Fitness;3;12;20;60;wger|core|none-bodyweight-exercise|rectus-abdominis;
wger-1105-seated-knee-tuck;Seated Knee Tuck;Core;none (bodyweight exercise);Core;Intermediate;FatLoss|Definition|MuscleGain|Fitness;3;12;20;60;wger|core|none-bodyweight-exercise|rectus-abdominis;
wger-1109-cable-concentration-curl;Cable Concentration Curl;Arms;Bodyweight;Isolation;Intermediate;FatLoss|Definition|MuscleGain|Fitness;3;12;15;75;wger|arms|bodyweight|isolation|biceps-brachii|brachialis;
wger-1111-push-ups-incline;Push-Ups | Incline;Chest;Bench;HorizontalPush;Intermediate;FatLoss|Definition|MuscleGain|Fitness;3;8;12;90;wger|chest|bench|horizontalpush|pectoralis-major;
wger-1112-push-ups-decline;Push-Ups | Decline;Chest;Bench;HorizontalPush;Intermediate;FatLoss|Definition|MuscleGain|Fitness;3;8;12;90;wger|chest|bench|horizontalpush|pectoralis-major;
wger-1113-push-ups-parallettes;Push-Ups | Parallettes;Chest;Bodyweight;HorizontalPush;Intermediate;FatLoss|Definition|MuscleGain|Fitness;3;8;12;90;wger|chest|bodyweight|horizontalpush|pectoralis-major;
wger-1114-rest-for-timed-workouts;Rest (for timed workouts);Arms;Bodyweight;Isolation;Intermediate;FatLoss|Definition|MuscleGain|Fitness;3;12;15;75;wger|arms|bodyweight|isolation;
wger-1115-3d-lunge-warmup;3D lunge warmup;Other;Dumbbell;Squat;Intermediate;FatLoss|Definition|MuscleGain|Fitness;3;8;12;90;wger|other|dumbbell|squat;
wger-1116-dumbbell-farmer-s-carry;Dumbbell farmer's carry;Legs;Dumbbell;Squat;Intermediate;FatLoss|Definition|MuscleGain|Fitness;3;8;12;120;wger|legs|dumbbell|squat;
wger-1119-remo-maquina-agarre-estrecho;Remo maquina agarre estrecho;Back;Bodyweight;Pull;Intermediate;FatLoss|Definition|MuscleGain|Fitness;3;8;12;90;wger|back|bodyweight|pull;
wger-1120-remo-maquina-agarre-estrecho-supino;Remo maquina agarre estrecho supino;Back;Bodyweight;Pull;Intermediate;FatLoss|Definition|MuscleGain|Fitness;3;8;12;90;wger|back|bodyweight|pull;
wger-1124-jalon-abierto;Jalón abierto;Back;Bodyweight;Pull;Intermediate;FatLoss|Definition|MuscleGain|Fitness;3;8;12;90;wger|back|bodyweight|pull|latissimus-dorsi;
wger-1125-jalon-abierto-supino;Jalón abierto supino;Back;Bodyweight;Pull;Intermediate;FatLoss|Definition|MuscleGain|Fitness;3;8;12;90;wger|back|bodyweight|pull|latissimus-dorsi;
wger-1126-jalon-cerrado;Jalón cerrado;Back;Bodyweight;Pull;Intermediate;FatLoss|Definition|MuscleGain|Fitness;3;8;12;90;wger|back|bodyweight|pull|latissimus-dorsi;
wger-1127-jalon-cerrado-supino;Jalón cerrado supino;Back;Bodyweight;Pull;Intermediate;FatLoss|Definition|MuscleGain|Fitness;3;8;12;90;wger|back|bodyweight|pull|latissimus-dorsi;
wger-1131-extension-de-gluteos-en-polea;Extensión de gluteos en polea;Legs;Bodyweight;Squat;Intermediate;FatLoss|Definition|MuscleGain|Fitness;3;8;12;120;wger|legs|bodyweight|squat|gluteus-maximus;
wger-1132-extension-de-gluteo-en-maquina;Extensión de gluteo en máquina;Legs;Bodyweight;Squat;Intermediate;FatLoss|Definition|MuscleGain|Fitness;3;8;12;120;wger|legs|bodyweight|squat|gluteus-maximus;
wger-1136-jalones-pecho-neutro;JALONES PECHO NEUTRO;Back;Bodyweight;Pull;Intermediate;FatLoss|Definition|MuscleGain|Fitness;3;8;12;90;wger|back|bodyweight|pull|biceps-brachii|latissimus-dorsi|serratus-anterior;
wger-1137-pull-over-polea-alta;PULL OVER POLEA ALTA;Back;Bodyweight;Pull;Intermediate;FatLoss|Definition|MuscleGain|Fitness;3;8;12;90;wger|back|bodyweight|pull|latissimus-dorsi|serratus-anterior;
wger-1138-jalon-en-banco-inclinado;JALON EN BANCO INCLINADO;Back;Bodyweight;Pull;Intermediate;FatLoss|Definition|MuscleGain|Fitness;3;8;12;90;wger|back|bodyweight|pull|latissimus-dorsi;
wger-1141-arabesque;Arabesque;Legs;none (bodyweight exercise);Squat;Intermediate;FatLoss|Definition|MuscleGain|Fitness;3;8;12;120;wger|legs|none-bodyweight-exercise|squat|biceps-femoris|gluteus-maximus;
wger-1143-back-extension;Back extensión;Back;Bodyweight;Pull;Intermediate;FatLoss|Definition|MuscleGain|Fitness;3;8;12;90;wger|back|bodyweight|pull|latissimus-dorsi|serratus-anterior;
wger-1185-triceps-pushdown;Triceps Pushdown;Arms;Bodyweight;Isolation;Intermediate;FatLoss|Definition|MuscleGain|Fitness;3;12;15;75;wger|arms|bodyweight|isolation|triceps-brachii;
wger-1186-one-arm-bent-row;One Arm Bent Row;Back;Bodyweight;Pull;Advanced;FatLoss|Definition|MuscleGain|Fitness;4;6;10;120;wger|back|bodyweight|pull;
wger-1190-curl-de-biceps-con-agarre-prono;Curl de biceps con agarre prono;Arms;Dumbbell;Isolation;Intermediate;FatLoss|Definition|MuscleGain|Fitness;3;12;15;75;wger|arms|dumbbell|isolation|biceps-brachii;
wger-1192-alternating-biceps-curls-with-dumbbell;Alternating Biceps Curls With Dumbbell;Arms;Dumbbell;Isolation;Intermediate;FatLoss|Definition|MuscleGain|Fitness;3;12;15;75;wger|arms|dumbbell|isolation|biceps-brachii;
wger-1193-russian-twist;Russian Twist;Core;Dumbbell;Core;Intermediate;FatLoss|Definition|MuscleGain|Fitness;3;12;20;60;wger|core|dumbbell|latissimus-dorsi|obliquus-externus-abdominis|rectus-abdominis;
wger-1194-pallof-press;PALLOF PRESS;Core;Bodyweight;Core;Intermediate;FatLoss|Definition|MuscleGain|Fitness;3;12;20;60;wger|core|bodyweight|anterior-deltoid|gluteus-maximus|obliquus-externus-abdominis;
wger-1195-side-slides-squats;Side Slides + Squats;Legs;none (bodyweight exercise);Squat;Intermediate;FatLoss|Definition|MuscleGain|Fitness;3;8;12;120;wger|legs|none-bodyweight-exercise|squat|quadriceps-femoris;
wger-1196-wall-drills;Wall Drills;Legs;none (bodyweight exercise);Squat;Intermediate;FatLoss|Definition|MuscleGain|Fitness;3;8;12;120;wger|legs|none-bodyweight-exercise|squat|quadriceps-femoris;
wger-1198-inverted-rows;Inverted Rows;Chest;none (bodyweight exercise);HorizontalPush;Intermediate;FatLoss|Definition|MuscleGain|Fitness;3;8;12;90;wger|chest|none-bodyweight-exercise|horizontalpush|biceps-brachii|latissimus-dorsi;
wger-1200-tibialis-raises;Tibialis raises;Legs;none (bodyweight exercise);CalfRaise;Intermediate;FatLoss|Definition|MuscleGain|Fitness;3;12;15;75;wger|legs|none-bodyweight-exercise|calfraise;
wger-1201-dragon-squat;Dragon squat;Legs;none (bodyweight exercise);Squat;Intermediate;FatLoss|Definition|MuscleGain|Fitness;3;8;12;120;wger|legs|none-bodyweight-exercise|squat|quadriceps-femoris;
wger-1202-side-lying-hip-abduction;Side Lying Hip Abduction;Legs;none (bodyweight exercise);Squat;Intermediate;FatLoss|Definition|MuscleGain|Fitness;3;8;12;120;wger|legs|none-bodyweight-exercise|squat;
wger-1203-calf-raises-left-leg;Calf raises, left leg;Legs;none (bodyweight exercise);CalfRaise;Intermediate;FatLoss|Definition|MuscleGain|Fitness;3;12;15;75;wger|legs|none-bodyweight-exercise|calfraise|gastrocnemius;
wger-1204-cycling-cardio-session;Cycling cardio session;Other;Bodyweight;Bodyweight;Intermediate;FatLoss|Definition|MuscleGain|Fitness;3;8;12;90;wger|other|bodyweight;
wger-1205-wrist-curl-dumbbells;Wrist curl, dumbbells;Arms;Dumbbell;Isolation;Intermediate;FatLoss|Definition|MuscleGain|Fitness;3;12;15;75;wger|arms|dumbbell|isolation;
wger-1207-scorpion-kick;Scorpion Kick;Back;none (bodyweight exercise);Pull;Intermediate;FatLoss|Definition|MuscleGain|Fitness;3;8;12;90;wger|back|none-bodyweight-exercise|pull;
wger-1208-prisoner-squat;Prisoner Squat;Legs;none (bodyweight exercise);Squat;Intermediate;FatLoss|Definition|MuscleGain|Fitness;3;8;12;120;wger|legs|none-bodyweight-exercise|squat;
wger-1210-skydiver-with-arms-in-t-position;Skydiver with arms in T-position;Back;none (bodyweight exercise);Pull;Intermediate;FatLoss|Definition|MuscleGain|Fitness;3;8;12;90;wger|back|none-bodyweight-exercise|pull;
wger-260-full-sit-outs;Full Sit Outs;Core;none (bodyweight exercise);Core;Intermediate;FatLoss|Definition|MuscleGain|Fitness;3;12;20;60;wger|core|none-bodyweight-exercise|gluteus-maximus|obliquus-externus-abdominis|rectus-abdominis;
wger-1215-reverse-snow-angel;Reverse Snow Angel;Back;none (bodyweight exercise);Pull;Intermediate;FatLoss|Definition|MuscleGain|Fitness;3;8;12;90;wger|back|none-bodyweight-exercise|pull|trapezius;
wger-1216-recruitment-pulls;Recruitment Pulls;Arms;Bodyweight;Isolation;Intermediate;FatLoss|Definition|MuscleGain|Fitness;3;12;15;75;wger|arms|bodyweight|isolation;
wger-1217-finger-pushup;Finger Pushup;Arms;none (bodyweight exercise);Isolation;Intermediate;FatLoss|Definition|MuscleGain|Fitness;3;12;15;75;wger|arms|none-bodyweight-exercise|isolation;
wger-1218-knee-push-ups;knee push-ups;Arms;none (bodyweight exercise);Isolation;Intermediate;FatLoss|Definition|MuscleGain|Fitness;3;12;15;75;wger|arms|none-bodyweight-exercise|isolation|anterior-deltoid|pectoralis-major;
wger-1219-australian-pull-ups;Australian pull-ups;Arms;none (bodyweight exercise);Isolation;Intermediate;FatLoss|Definition|MuscleGain|Fitness;3;12;15;75;wger|arms|none-bodyweight-exercise|isolation|anterior-deltoid|biceps-brachii|latissimus-dorsi;
wger-1656-cable-chest-press-decline;Cable Chest Press - Decline;Chest;Bodyweight;HorizontalPush;Intermediate;FatLoss|Definition|MuscleGain|Fitness;3;8;12;90;wger|chest|bodyweight|horizontalpush|pectoralis-major;
wger-1714-shoulder-dumbbell-pendular-exercise;Shoulder Dumbbell Pendular Exercise;Shoulders;Dumbbell;VerticalPush;Intermediate;FatLoss|Definition|MuscleGain|Fitness;3;8;12;90;wger|shoulders|dumbbell|verticalpush|anterior-deltoid|latissimus-dorsi|pectoralis-major;
wger-1715-shoulder-external-rotation-with-dumbbell;Shoulder External Rotation with Dumbbell;Shoulders;Dumbbell;VerticalPush;Intermediate;FatLoss|Definition|MuscleGain|Fitness;3;8;12;90;wger|shoulders|dumbbell|verticalpush|anterior-deltoid|brachialis;
wger-1223-claps-over-the-head;Claps over the head;Arms;none (bodyweight exercise);Isolation;Intermediate;FatLoss|Definition|MuscleGain|Fitness;3;12;15;75;wger|arms|none-bodyweight-exercise|isolation|anterior-deltoid;
wger-1224-dumbbell-drag-curls;Dumbbell drag curls;Arms;Dumbbell;Isolation;Intermediate;FatLoss|Definition|MuscleGain|Fitness;3;12;15;75;wger|arms|dumbbell|isolation|biceps-brachii;
wger-369-leg-extension;Leg Extension;Legs;Bodyweight;Squat;Intermediate;FatLoss|Definition|MuscleGain|Fitness;3;8;12;120;wger|legs|bodyweight|squat|quadriceps-femoris;
wger-1716-incline-shoulder-press-up;Incline Shoulder Press Up;Chest;Bench;HorizontalPush;Intermediate;FatLoss|Definition|MuscleGain|Fitness;3;8;12;90;wger|chest|bench|horizontalpush|anterior-deltoid|pectoralis-major;
wger-1225-dumbbell-wide-bicep-curls;Dumbbell wide bicep curls;Arms;Dumbbell;Isolation;Intermediate;FatLoss|Definition|MuscleGain|Fitness;3;12;15;75;wger|arms|dumbbell|isolation|biceps-brachii;
wger-1717-neck-extension;Neck extension;Arms;Barbell;Isolation;Intermediate;FatLoss|Definition|MuscleGain|Fitness;3;12;15;75;wger|arms|barbell|isolation|biceps-brachii;
wger-1226-dumbbell-bicep-curl-to-press;Dumbbell bicep curl to press;Arms;Dumbbell;Isolation;Intermediate;FatLoss|Definition|MuscleGain|Fitness;3;12;15;75;wger|arms|dumbbell|isolation|biceps-brachii;
wger-1227-dumbbell-rear-delt-row;Dumbbell rear delt row;Shoulders;Dumbbell;VerticalPush;Intermediate;FatLoss|Definition|MuscleGain|Fitness;3;8;12;90;wger|shoulders|dumbbell|verticalpush|anterior-deltoid|brachialis|trapezius;
wger-1228-dumbbell-close-grip-bench-press;Dumbbell close grip bench press;Arms;Dumbbell;Isolation;Intermediate;FatLoss|Definition|MuscleGain|Fitness;3;12;15;75;wger|arms|dumbbell|isolation|pectoralis-major|triceps-brachii;
wger-599-snach;Snach;Shoulders;Barbell;VerticalPush;Intermediate;FatLoss|Definition|MuscleGain|Fitness;3;8;12;90;wger|shoulders|barbell|verticalpush|anterior-deltoid;
wger-1230-triceps-stretch-left;Triceps stretch left;Arms;none (bodyweight exercise);Isolation;Intermediate;FatLoss|Definition|MuscleGain|Fitness;3;12;15;75;wger|arms|none-bodyweight-exercise|isolation|triceps-brachii;
wger-921-seated-cable-rows;Seated Cable Rows;Back;Bodyweight;Pull;Intermediate;FatLoss|Definition|MuscleGain|Fitness;3;8;12;90;wger|back|bodyweight|pull|latissimus-dorsi;
wger-1231-triceps-stretch-right;Triceps stretch right;Arms;none (bodyweight exercise);Isolation;Intermediate;FatLoss|Definition|MuscleGain|Fitness;3;12;15;75;wger|arms|none-bodyweight-exercise|isolation|triceps-brachii;
wger-1232-standing-biceps-stretch-left;Standing biceps stretch left;Arms;none (bodyweight exercise);Isolation;Intermediate;FatLoss|Definition|MuscleGain|Fitness;3;12;15;75;wger|arms|none-bodyweight-exercise|isolation|anterior-deltoid|biceps-brachii|pectoralis-major;
wger-1233-standing-biceps-stretch-right;Standing biceps stretch right;Arms;Bodyweight;Isolation;Intermediate;FatLoss|Definition|MuscleGain|Fitness;3;12;15;75;wger|arms|bodyweight|isolation|anterior-deltoid|biceps-brachii|pectoralis-major;
wger-1234-dumbbell-single-leg-hip-thrust;Dumbbell Single-leg Hip Thrust;Legs;Barbell;Squat;Intermediate;FatLoss|Definition|MuscleGain|Fitness;3;8;12;120;wger|legs|barbell|squat|gluteus-maximus;
wger-1718-remo-alto-polea-alta;Remo alto polea alta;Back;Barbell;Pull;Intermediate;FatLoss|Definition|MuscleGain|Fitness;3;8;12;90;wger|back|barbell|pull|obliquus-externus-abdominis|serratus-anterior|triceps-brachii;
wger-1238-frog-stand;Frog stand;Core;none (bodyweight exercise);Core;Intermediate;FatLoss|Definition|MuscleGain|Fitness;3;12;20;60;wger|core|none-bodyweight-exercise|anterior-deltoid|biceps-brachii|brachialis;
wger-1239-standing-calf-stretch;Standing Calf Stretch;Legs;none (bodyweight exercise);Squat;Intermediate;FatLoss|Definition|MuscleGain|Fitness;3;8;12;120;wger|legs|none-bodyweight-exercise|squat|gastrocnemius;
wger-1092-bag-training;Bag training;Shoulders;none (bodyweight exercise);Other;Intermediate;FatLoss|Definition|MuscleGain|Fitness;3;8;12;90;wger|shoulders|none-bodyweight-exercise|other|anterior-deltoid|pectoralis-major|trapezius;
wger-1240-standing-soleus-stretch;Standing Soleus Stretch;Legs;none (bodyweight exercise);Squat;Intermediate;FatLoss|Definition|MuscleGain|Fitness;3;8;12;120;wger|legs|none-bodyweight-exercise|squat|soleus;
wger-1241-exercise-band-dorsiflexion;Exercise Band Dorsiflexion;Legs;none (bodyweight exercise);Squat;Intermediate;FatLoss|Definition|MuscleGain|Fitness;3;8;12;120;wger|legs|none-bodyweight-exercise|squat|soleus;
wger-1117-seated-cable-row;Seated Cable Row;Back;Bodyweight;Pull;Intermediate;FatLoss|Definition|MuscleGain|Fitness;3;8;12;90;wger|back|bodyweight|pull;
wger-1242-exercise-band-plantarflexion;Exercise Band Plantarflexion;Legs;none (bodyweight exercise);Squat;Intermediate;FatLoss|Definition|MuscleGain|Fitness;3;8;12;120;wger|legs|none-bodyweight-exercise|squat|gastrocnemius;
wger-1243-double-leg-calf-raise;Double Leg Calf Raise;Legs;none (bodyweight exercise);Squat;Intermediate;FatLoss|Definition|MuscleGain|Fitness;3;8;12;120;wger|legs|none-bodyweight-exercise|squat|gastrocnemius|soleus;
wger-1244-yoga-exercise-cow-cat;Yoga exercise: Cow-cat;Back;Bodyweight;Pull;Intermediate;FatLoss|Definition|MuscleGain|Fitness;3;8;12;90;wger|back|bodyweight|pull|anterior-deltoid|latissimus-dorsi|trapezius;
wger-1245-front-lever;Front Lever;Core;none (bodyweight exercise);Core;Intermediate;FatLoss|Definition|MuscleGain|Fitness;3;12;20;60;wger|core|none-bodyweight-exercise|latissimus-dorsi|rectus-abdominis;
wger-1209-shoulder-width-three-point-push-up;Shoulder width three-point push-up;Arms;none (bodyweight exercise);Isolation;Intermediate;FatLoss|Definition|MuscleGain|Fitness;3;12;15;75;wger|arms|none-bodyweight-exercise|isolation;
wger-1246-trx-roll-out;TRX roll out;Core;none (bodyweight exercise);Core;Intermediate;FatLoss|Definition|MuscleGain|Fitness;3;12;20;60;wger|core|none-bodyweight-exercise|rectus-abdominis;
wger-1248-ice-scream-maker;Ice Scream maker;Core;none (bodyweight exercise);Core;Intermediate;FatLoss|Definition|MuscleGain|Fitness;3;12;20;60;wger|core|none-bodyweight-exercise|latissimus-dorsi;
wger-851-leg-extension;Leg Extension;Legs;Bodyweight;Squat;Intermediate;FatLoss|Definition|MuscleGain|Fitness;3;8;12;120;wger|legs|bodyweight|squat|quadriceps-femoris;
wger-1252-front-lever-pull-up;Front lever pull-up;Core;Bodyweight;Core;Intermediate;FatLoss|Definition|MuscleGain|Fitness;3;12;20;60;wger|core|bodyweight|biceps-brachii|latissimus-dorsi|rectus-abdominis;
wger-1214-front-lever-tuck;Front lever tuck;Back;Bodyweight;Pull;Intermediate;FatLoss|Definition|MuscleGain|Fitness;3;8;12;90;wger|back|bodyweight|pull|anterior-deltoid|biceps-brachii|latissimus-dorsi;
wger-1259-trx-obliques;TRX Obliques;Core;Bodyweight;Core;Intermediate;FatLoss|Definition|MuscleGain|Fitness;3;12;20;60;wger|core|bodyweight|obliquus-externus-abdominis|rectus-abdominis|serratus-anterior;
wger-1260-trx-hammer-curl;TRX hammer curl;Arms;Bodyweight;Isolation;Intermediate;FatLoss|Definition|MuscleGain|Fitness;3;12;15;75;wger|arms|bodyweight|isolation|biceps-brachii;
wger-142-cable-external-rotation;Cable External Rotation;Shoulders;Bodyweight;VerticalPush;Intermediate;FatLoss|Definition|MuscleGain|Fitness;3;8;12;90;wger|shoulders|bodyweight|verticalpush|anterior-deltoid;
wger-1261-trx-gorilla-biceps-curl;TRX gorilla biceps curl;Arms;Bodyweight;Isolation;Intermediate;FatLoss|Definition|MuscleGain|Fitness;3;12;15;75;wger|arms|bodyweight|isolation|brachialis;
wger-1262-trx-single-arm-bicep-curl;Trx Single Arm Bicep Curl;Arms;Bodyweight;Isolation;Intermediate;FatLoss|Definition|MuscleGain|Fitness;3;12;15;75;wger|arms|bodyweight|isolation|biceps-brachii|brachialis;
wger-1263-back-bridge;Back bridge;Back;none (bodyweight exercise);Pull;Intermediate;FatLoss|Definition|MuscleGain|Fitness;3;8;12;90;wger|back|none-bodyweight-exercise|pull;
wger-1266-trx-tricep-extension;TRX Tricep Extension;Arms;Bodyweight;Isolation;Intermediate;FatLoss|Definition|MuscleGain|Fitness;3;12;15;75;wger|arms|bodyweight|isolation|triceps-brachii;
wger-1269-trx-dips;TRX dips;Arms;Bodyweight;Isolation;Intermediate;FatLoss|Definition|MuscleGain|Fitness;3;12;15;75;wger|arms|bodyweight|isolation|triceps-brachii;
wger-1270-low-pulley-cable-fly;Low Pulley Cable Fly;Chest;Bodyweight;HorizontalPush;Intermediate;FatLoss|Definition|MuscleGain|Fitness;3;8;12;90;wger|chest|bodyweight|horizontalpush|pectoralis-major;
wger-1273-pullover;Pullover;Back;Dumbbell;Pull;Intermediate;FatLoss|Definition|MuscleGain|Fitness;3;8;12;90;wger|back|dumbbell|pull|pectoralis-major;
wger-1274-sitting-calf-stretch-dorsiflexion;Sitting Calf Stretch (Dorsiflexion);Legs;Bodyweight;Squat;Intermediate;FatLoss|Definition|MuscleGain|Fitness;3;8;12;120;wger|legs|bodyweight|squat|gastrocnemius|soleus;
wger-1275-plantarflexion-stretch-with-band;Plantarflexion Stretch with Band;Legs;Bodyweight;Squat;Intermediate;FatLoss|Definition|MuscleGain|Fitness;3;8;12;120;wger|legs|bodyweight|squat;
wger-1277-incline-dumbbell-press;Incline Dumbbell Press;Chest;Dumbbell;HorizontalPush;Intermediate;FatLoss|Definition|MuscleGain|Fitness;3;8;12;90;wger|chest|dumbbell|horizontalpush|pectoralis-major;
wger-1280-biceps-close-grip-pull-down;Biceps Close Grip Pull Down;Arms;Bodyweight;Isolation;Intermediate;FatLoss|Definition|MuscleGain|Fitness;3;12;15;75;wger|arms|bodyweight|isolation|biceps-brachii;
wger-1282-isometria-trazioni-impugnatura-inversa;Isometria trazioni impugnatura inversa;Back;Bodyweight;Pull;Intermediate;FatLoss|Definition|MuscleGain|Fitness;3;8;12;90;wger|back|bodyweight|pull|latissimus-dorsi;
wger-1283-incline-chest-supported-dumbbell-row;Incline Chest-Supported Dumbbell Row;Back;Bench;Pull;Intermediate;FatLoss|Definition|MuscleGain|Fitness;3;8;12;90;wger|back|bench|pull|biceps-brachii|latissimus-dorsi|trapezius;
wger-1284-pseudo-planche-push-up;Pseudo Planche Push-up;Shoulders;none (bodyweight exercise);VerticalPush;Intermediate;FatLoss|Definition|MuscleGain|Fitness;3;8;12;90;wger|shoulders|none-bodyweight-exercise|verticalpush|anterior-deltoid;
wger-1285-talons-fesses;Talons fesses;Other;none (bodyweight exercise);Other;Intermediate;FatLoss|Definition|MuscleGain|Fitness;3;8;12;90;wger|other|none-bodyweight-exercise|gastrocnemius;
wger-1286-dynamic-planche;Dynamic Planche;Core;none (bodyweight exercise);Core;Intermediate;FatLoss|Definition|MuscleGain|Fitness;3;12;20;60;wger|core|none-bodyweight-exercise|rectus-abdominis;
wger-1287-reach-ups;Reach ups;Core;none (bodyweight exercise);Core;Intermediate;FatLoss|Definition|MuscleGain|Fitness;3;12;20;60;wger|core|none-bodyweight-exercise|obliquus-externus-abdominis;
wger-1288-planche-de-cote-dynamique;Planche de cote dynamique;Core;none (bodyweight exercise);Core;Intermediate;FatLoss|Definition|MuscleGain|Fitness;3;12;20;60;wger|core|none-bodyweight-exercise|obliquus-externus-abdominis;
wger-1289-seated-dumbbell-curls;Seated Dumbbell Curls;Arms;Dumbbell;Isolation;Intermediate;FatLoss|Definition|MuscleGain|Fitness;3;12;15;75;wger|arms|dumbbell|isolation|biceps-brachii;
wger-1290-reverse-grip-barbell-curls;Reverse Grip Barbell Curls;Arms;Barbell;Isolation;Intermediate;FatLoss|Definition|MuscleGain|Fitness;3;12;15;75;wger|arms|barbell|isolation|biceps-brachii;
wger-1292-trazioni-impugnatura-inversa;Trazioni impugnatura inversa;Core;Bodyweight;Core;Intermediate;FatLoss|Definition|MuscleGain|Fitness;3;12;20;60;wger|core|bodyweight|biceps-brachii|latissimus-dorsi;
wger-1293-one-armed-push-ups;One armed push-ups;Core;none (bodyweight exercise);Core;Advanced;FatLoss|Definition|MuscleGain|Fitness;3;12;20;60;wger|core|none-bodyweight-exercise|pectoralis-major|triceps-brachii;
wger-1294-arco-femorale-una-gamba;Arco femorale una gamba;Back;none (bodyweight exercise);Pull;Intermediate;FatLoss|Definition|MuscleGain|Fitness;3;8;12;90;wger|back|none-bodyweight-exercise|pull|gluteus-maximus|latissimus-dorsi;
wger-1296-low-cable-cross-over-nb;Low-Cable Cross-Over - NB;Chest;Bodyweight;HorizontalPush;Intermediate;FatLoss|Definition|MuscleGain|Fitness;3;8;12;90;wger|chest|bodyweight|horizontalpush|pectoralis-major;
wger-1298-high-cable-cross-tricep-extention-nb;High-Cable Cross Tricep Extention - NB;Arms;Bodyweight;Isolation;Intermediate;FatLoss|Definition|MuscleGain|Fitness;3;12;15;75;wger|arms|bodyweight|isolation|triceps-brachii;
wger-1657-preacher-curl-internally-rotated;Preacher Curl - Internally Rotated;Arms;Dumbbell;Isolation;Intermediate;FatLoss|Definition|MuscleGain|Fitness;3;12;15;75;wger|arms|dumbbell|isolation|biceps-brachii;
wger-1659-lat-pulldown-cross-body-single-arm;Lat Pulldown - Cross Body Single Arm;Back;Bodyweight;Pull;Intermediate;FatLoss|Definition|MuscleGain|Fitness;3;8;12;90;wger|back|bodyweight|pull|latissimus-dorsi;
wger-1660-cable-chest-press-incline;Cable Chest Press - Incline;Chest;Bodyweight;HorizontalPush;Intermediate;FatLoss|Definition|MuscleGain|Fitness;3;8;12;90;wger|chest|bodyweight|horizontalpush|pectoralis-major;
wger-1302-jm-press;JM Press;Arms;Barbell;Isolation;Intermediate;FatLoss|Definition|MuscleGain|Fitness;3;12;15;75;wger|arms|barbell|isolation|triceps-brachii;
wger-1303-helms-row;Helms Row;Back;Dumbbell;Pull;Intermediate;FatLoss|Definition|MuscleGain|Fitness;3;8;12;90;wger|back|dumbbell|pull|latissimus-dorsi;
wger-1304-meadows-row;Meadows Row;Back;Barbell;Pull;Intermediate;FatLoss|Definition|MuscleGain|Fitness;3;8;12;90;wger|back|barbell|pull|latissimus-dorsi|trapezius;
wger-1661-cable-triceps-press;Cable Triceps Press;Arms;Bodyweight;Isolation;Intermediate;FatLoss|Definition|MuscleGain|Fitness;3;12;15;75;wger|arms|bodyweight|isolation|triceps-brachii;
wger-1662-cable-tri-extension-internal-rotation;Cable Tri Extension - Internal Rotation;Arms;Bodyweight;Isolation;Intermediate;FatLoss|Definition|MuscleGain|Fitness;3;12;15;75;wger|arms|bodyweight|isolation|triceps-brachii;
wger-1307-front-plank;Front Plank;Core;none (bodyweight exercise);Core;Intermediate;FatLoss|Definition|MuscleGain|Fitness;3;12;20;60;wger|core|none-bodyweight-exercise|rectus-abdominis;
wger-1666-curl-with-shoulder-elevated;Curl - With Shoulder Elevated;Arms;Dumbbell;Isolation;Intermediate;FatLoss|Definition|MuscleGain|Fitness;3;12;15;75;wger|arms|dumbbell|isolation|biceps-brachii;
wger-1313-lying-leg-raise;Lying Leg Raise;Core;none (bodyweight exercise);Core;Intermediate;FatLoss|Definition|MuscleGain|Fitness;3;12;20;60;wger|core|none-bodyweight-exercise|rectus-abdominis;
wger-1314-jumping-jack-hd;Jumping Jack HD;Legs;none (bodyweight exercise);Other;Intermediate;FatLoss|Definition|MuscleGain|Fitness;3;8;12;120;wger|legs|none-bodyweight-exercise|other|quadriceps-femoris;
wger-1388-single-leg-rdl;Single Leg RDL;Legs;none (bodyweight exercise);Squat;Intermediate;FatLoss|Definition|MuscleGain|Fitness;3;8;12;120;wger|legs|none-bodyweight-exercise|squat|biceps-femoris;
wger-1318-high-knee-skips-hd;High Knee Skips HD;Other;none (bodyweight exercise);Other;Intermediate;FatLoss|Definition|MuscleGain|Fitness;3;8;12;90;wger|other|none-bodyweight-exercise|obliquus-externus-abdominis|rectus-abdominis;
wger-1319-crunches-hd;Crunches HD;Core;none (bodyweight exercise);Core;Intermediate;FatLoss|Definition|MuscleGain|Fitness;3;12;20;60;wger|core|none-bodyweight-exercise|obliquus-externus-abdominis|rectus-abdominis;
wger-1320-bench-dips-on-floor-hd;Bench Dips On Floor HD;Arms;none (bodyweight exercise);Isolation;Intermediate;FatLoss|Definition|MuscleGain|Fitness;3;12;15;75;wger|arms|none-bodyweight-exercise|isolation|biceps-brachii|brachialis|triceps-brachii;
wger-1322-kopfuber-gewichtaufheben;Kopfüber Gewichtaufheben;Core;Kettlebell;Core;Intermediate;FatLoss|Definition|MuscleGain|Fitness;3;12;20;60;wger|core|kettlebell|rectus-abdominis;
wger-1324-bodyweight-lunge-hd;Bodyweight lunge HD;Legs;none (bodyweight exercise);Squat;Intermediate;FatLoss|Definition|MuscleGain|Fitness;3;8;12;120;wger|legs|none-bodyweight-exercise|squat|quadriceps-femoris;
wger-1325-lateral-push-off;Lateral Push Off;Legs;none (bodyweight exercise);Squat;Intermediate;FatLoss|Definition|MuscleGain|Fitness;3;8;12;120;wger|legs|none-bodyweight-exercise|squat|gastrocnemius;
wger-1668-one-arm-overhead-cable-tricep-extension;One Arm Overhead Cable Tricep Extension;Arms;Resistance band;Isolation;Advanced;FatLoss|Definition|MuscleGain|Fitness;3;12;15;75;wger|arms|resistance-band|isolation|triceps-brachii;
wger-1670-leg-swings-frontback;Leg Swings (Front–Back);Legs;none (bodyweight exercise);Squat;Intermediate;FatLoss|Definition|MuscleGain|Fitness;3;8;12;120;wger|legs|none-bodyweight-exercise|squat|biceps-femoris;
wger-1672-seated-hip-abduction;Seated Hip Abduction;Legs;none (bodyweight exercise);Squat;Intermediate;FatLoss|Definition|MuscleGain|Fitness;3;8;12;120;wger|legs|none-bodyweight-exercise|squat|gluteus-maximus;
wger-1333-forearm-curls-underhand-grip;Forearm Curls (underhand grip);Arms;Dumbbell;Isolation;Intermediate;FatLoss|Definition|MuscleGain|Fitness;3;12;15;75;wger|arms|dumbbell|isolation;
wger-1336-triceps-overhead-dumbbell;Triceps Overhead (Dumbbell);Arms;Dumbbell;Isolation;Intermediate;FatLoss|Definition|MuscleGain|Fitness;3;12;15;75;wger|arms|dumbbell|isolation|triceps-brachii;
wger-1338-schoulder-raise-dumbbell;Schoulder Raise (Dumbbell);Shoulders;Dumbbell;VerticalPush;Intermediate;FatLoss|Definition|MuscleGain|Fitness;3;8;12;90;wger|shoulders|dumbbell|verticalpush|anterior-deltoid;
wger-1679-wall-angels;Wall Angels;Shoulders;Bodyweight;VerticalPush;Intermediate;FatLoss|Definition|MuscleGain|Fitness;3;8;12;90;wger|shoulders|bodyweight|verticalpush|trapezius;
wger-1680-seated-figure-four;seated figure four;Legs;Bench;Squat;Intermediate;FatLoss|Definition|MuscleGain|Fitness;3;8;12;120;wger|legs|bench|squat|gluteus-maximus;
wger-1348-lower-back-extensions;Lower Back Extensions;Back;Bodyweight;Pull;Intermediate;FatLoss|Definition|MuscleGain|Fitness;3;8;12;90;wger|back|bodyweight|pull;
wger-1353-dumbbell-hex-press;Dumbbell Hex Press;Chest;Dumbbell;HorizontalPush;Intermediate;FatLoss|Definition|MuscleGain|Fitness;3;8;12;90;wger|chest|dumbbell|horizontalpush;
wger-1360-double-kettlebell-clean-and-press;Double Kettlebell Clean and Press;Arms;Kettlebell;Isolation;Intermediate;FatLoss|Definition|MuscleGain|Fitness;3;12;15;75;wger|arms|kettlebell|isolation|anterior-deltoid|biceps-brachii|brachialis;
wger-1361-double-kettlebell-front-squat;Double Kettlebell Front Squat;Legs;Kettlebell;Squat;Intermediate;FatLoss|Definition|MuscleGain|Fitness;3;8;12;120;wger|legs|kettlebell|squat|gluteus-maximus|quadriceps-femoris;
wger-1363-blackroll;Blackroll;Back;Bodyweight;Pull;Intermediate;FatLoss|Definition|MuscleGain|Fitness;3;8;12;90;wger|back|bodyweight|pull;
wger-1366-dumbbell-split-squat;Dumbbell Split Squat;Legs;Dumbbell;Squat;Intermediate;FatLoss|Definition|MuscleGain|Fitness;3;8;12;120;wger|legs|dumbbell|squat;
wger-1370-dumbbell-deadlift;Dumbbell Deadlift;Legs;Dumbbell;Squat;Intermediate;FatLoss|Definition|MuscleGain|Fitness;3;8;12;120;wger|legs|dumbbell|squat;
wger-1373-box-jumps;box jumps;Legs;none (bodyweight exercise);Other;Intermediate;FatLoss|Definition|MuscleGain|Fitness;3;8;12;120;wger|legs|none-bodyweight-exercise|other|gluteus-maximus;
wger-1374-rotary-torso-machine;Rotary Torso Machine;Core;Bodyweight;Core;Intermediate;FatLoss|Definition|MuscleGain|Fitness;3;12;20;60;wger|core|bodyweight|rectus-abdominis;
wger-1376-recumbent-bike;Recumbent Bike;Arms;Bodyweight;Bodyweight;Intermediate;FatLoss|Definition|MuscleGain|Fitness;3;8;12;90;wger|arms|bodyweight|biceps-femoris|gastrocnemius|gluteus-maximus;
wger-1377-torso-twist;TORSO TWIST;Core;none (bodyweight exercise);Core;Intermediate;FatLoss|Definition|MuscleGain|Fitness;3;12;20;60;wger|core|none-bodyweight-exercise|rectus-abdominis;
wger-1380-band-pull-aparts;Band pull-aparts;Back;Bodyweight;Pull;Intermediate;FatLoss|Definition|MuscleGain|Fitness;3;8;12;90;wger|back|bodyweight|pull;
wger-1381-upper-back;Upper Back;Back;Bodyweight;Pull;Intermediate;FatLoss|Definition|MuscleGain|Fitness;3;8;12;90;wger|back|bodyweight|pull|anterior-deltoid|trapezius;
wger-1312-bodyweight-squat-hd;Bodyweight Squat HD;Legs;none (bodyweight exercise);Squat;Intermediate;FatLoss|Definition|MuscleGain|Fitness;3;8;12;120;wger|legs|none-bodyweight-exercise|squat|quadriceps-femoris;
wger-1384-pullover-machine;Pullover Machine;Back;Bodyweight;Pull;Intermediate;FatLoss|Definition|MuscleGain|Fitness;3;8;12;90;wger|back|bodyweight|pull|latissimus-dorsi;
wger-1683-zottman-curl;Zottman curl;Arms;Dumbbell;Isolation;Intermediate;FatLoss|Definition|MuscleGain|Fitness;3;12;15;75;wger|arms|dumbbell|isolation|biceps-brachii|brachialis;
wger-650-thruster;Thruster;Legs;Barbell;Squat;Intermediate;FatLoss|Definition|MuscleGain|Fitness;3;8;12;120;wger|legs|barbell|squat|anterior-deltoid;
wger-1387-hamstring-kicks;Hamstring Kicks;Legs;none (bodyweight exercise);Squat;Intermediate;FatLoss|Definition|MuscleGain|Fitness;3;8;12;120;wger|legs|none-bodyweight-exercise|squat|biceps-femoris;
wger-1390-toe-touch;Toe Touch;Legs;none (bodyweight exercise);Squat;Intermediate;FatLoss|Definition|MuscleGain|Fitness;3;8;12;120;wger|legs|none-bodyweight-exercise|squat|biceps-femoris|gluteus-maximus;
wger-1684-dumbbell-thruster;Dumbbell Thruster;Legs;Dumbbell;Squat;Intermediate;FatLoss|Definition|MuscleGain|Fitness;3;8;12;120;wger|legs|dumbbell|squat|biceps-femoris|gluteus-maximus|quadriceps-femoris;
wger-1686-glute-bridge-single-arm-press;Glute Bridge Single-Arm Press;Arms;Dumbbell;Isolation;Intermediate;FatLoss|Definition|MuscleGain|Fitness;3;12;15;75;wger|arms|dumbbell|isolation|pectoralis-major;
wger-1687-bear-crawl-pull-through;Bear crawl pull through;Core;Dumbbell;Core;Intermediate;FatLoss|Definition|MuscleGain|Fitness;3;12;20;60;wger|core|dumbbell|anterior-deltoid|gluteus-maximus|quadriceps-femoris;
wger-1372-triceps-dips-assisted;Triceps Dips (Assisted);Arms;Bodyweight;Isolation;Beginner;FatLoss|Definition|MuscleGain|Fitness;3;12;15;75;wger|arms|bodyweight|isolation|triceps-brachii;
wger-1378-cable-lateral-raises-single-arm;Cable Lateral Raises (Single Arm);Shoulders;Bodyweight;VerticalPush;Intermediate;FatLoss|Definition|MuscleGain|Fitness;3;8;12;90;wger|shoulders|bodyweight|verticalpush|anterior-deltoid;
wger-1391-elephant-walks;Elephant Walks;Legs;none (bodyweight exercise);Squat;Intermediate;FatLoss|Definition|MuscleGain|Fitness;3;8;12;120;wger|legs|none-bodyweight-exercise|squat|biceps-femoris;
wger-1392-good-morning;Good Morning;Legs;none (bodyweight exercise);Squat;Intermediate;FatLoss|Definition|MuscleGain|Fitness;3;8;12;120;wger|legs|none-bodyweight-exercise|squat|biceps-femoris;
wger-1393-single-leg-hamstring-stretch;Single Leg Hamstring Stretch;Legs;none (bodyweight exercise);Squat;Intermediate;FatLoss|Definition|MuscleGain|Fitness;3;8;12;120;wger|legs|none-bodyweight-exercise|squat|biceps-femoris;
wger-1394-sit-reach;Sit & Reach;Back;Bodyweight;Pull;Intermediate;FatLoss|Definition|MuscleGain|Fitness;3;8;12;90;wger|back|bodyweight|pull|biceps-femoris;
wger-1395-crossbody-leg-swings;Crossbody Leg Swings;Legs;none (bodyweight exercise);Squat;Intermediate;FatLoss|Definition|MuscleGain|Fitness;3;8;12;120;wger|legs|none-bodyweight-exercise|squat|biceps-femoris;
wger-1396-standing-pancake;Standing Pancake;Legs;none (bodyweight exercise);Squat;Intermediate;FatLoss|Definition|MuscleGain|Fitness;3;8;12;120;wger|legs|none-bodyweight-exercise|squat|biceps-femoris;
wger-1398-hamstring-chokes;Hamstring Chokes;Legs;none (bodyweight exercise);Squat;Intermediate;FatLoss|Definition|MuscleGain|Fitness;3;8;12;120;wger|legs|none-bodyweight-exercise|squat|biceps-femoris;
wger-1399-roll-down;Roll Down;Back;none (bodyweight exercise);Pull;Intermediate;FatLoss|Definition|MuscleGain|Fitness;3;8;12;90;wger|back|none-bodyweight-exercise|pull;
wger-1400-crossbody-hamstring-stretch;Crossbody Hamstring Stretch;Legs;none (bodyweight exercise);Squat;Intermediate;FatLoss|Definition|MuscleGain|Fitness;3;8;12;120;wger|legs|none-bodyweight-exercise|squat|biceps-femoris;
wger-1658-preacher-curl-externally-rotated;Preacher Curl - Externally Rotated;Arms;Dumbbell;Isolation;Intermediate;FatLoss|Definition|MuscleGain|Fitness;3;12;15;75;wger|arms|dumbbell|isolation|biceps-brachii;
wger-1406-plank-to-elbow-extension;Plank-to-Elbow Extension;Core;Bodyweight;Core;Intermediate;FatLoss|Definition|MuscleGain|Fitness;3;12;20;60;wger|core|bodyweight|anterior-deltoid|rectus-abdominis|triceps-brachii;
wger-1407-cossack-squat;Cossack squat;Legs;Bodyweight;Squat;Intermediate;FatLoss|Definition|MuscleGain|Fitness;3;8;12;120;wger|legs|bodyweight|squat|gluteus-maximus|quadriceps-femoris;
wger-1408-wall-sit;Wall-sit;Legs;Bodyweight;Squat;Intermediate;FatLoss|Definition|MuscleGain|Fitness;3;8;12;120;wger|legs|bodyweight|squat|gluteus-maximus|quadriceps-femoris;
wger-1409-dragon-flag;Dragon-flag;Core;Bodyweight;Core;Intermediate;FatLoss|Definition|MuscleGain|Fitness;3;12;20;60;wger|core|bodyweight|obliquus-externus-abdominis|rectus-abdominis;
wger-1410-plank-with-alternating-leg-lift;Plank with Alternating Leg Lift;Legs;none (bodyweight exercise);Squat;Intermediate;FatLoss|Definition|MuscleGain|Fitness;3;8;12;120;wger|legs|none-bodyweight-exercise|squat|gluteus-maximus;
wger-1411-heel-touches;Heel Touches;Core;none (bodyweight exercise);Core;Intermediate;FatLoss|Definition|MuscleGain|Fitness;3;12;20;60;wger|core|none-bodyweight-exercise|obliquus-externus-abdominis;
wger-1412-bicycle-crunches;bicycle crunches;Core;none (bodyweight exercise);Core;Intermediate;FatLoss|Definition|MuscleGain|Fitness;3;12;20;60;wger|core|none-bodyweight-exercise|rectus-abdominis;
wger-1414-hack-squats;Hack Squats;Legs;Bodyweight;Squat;Intermediate;FatLoss|Definition|MuscleGain|Fitness;3;8;12;120;wger|legs|bodyweight|squat|quadriceps-femoris;
wger-1415-dumbbell-crunches;Dumbbell Crunches;Core;Dumbbell;Core;Intermediate;FatLoss|Definition|MuscleGain|Fitness;3;12;20;60;wger|core|dumbbell|rectus-abdominis;
wger-1424-biceps-curl-machine;Biceps Curl Machine;Arms;Bodyweight;Isolation;Intermediate;FatLoss|Definition|MuscleGain|Fitness;3;12;15;75;wger|arms|bodyweight|isolation|biceps-brachii;
wger-1425-toe-taps;Toe Taps;Core;none (bodyweight exercise);Core;Intermediate;FatLoss|Definition|MuscleGain|Fitness;3;12;20;60;wger|core|none-bodyweight-exercise|rectus-abdominis;
wger-1426-standing-side-crunches;Standing Side Crunches;Core;none (bodyweight exercise);Core;Intermediate;FatLoss|Definition|MuscleGain|Fitness;3;12;20;60;wger|core|none-bodyweight-exercise|obliquus-externus-abdominis;
wger-1429-dumbbell-shoulder-rotations;Dumbbell Shoulder Rotations;Shoulders;Dumbbell;VerticalPush;Intermediate;FatLoss|Definition|MuscleGain|Fitness;3;8;12;90;wger|shoulders|dumbbell|verticalpush|anterior-deltoid;
wger-1430-plate-pinch-hold;Plate Pinch Hold;Arms;Bodyweight;Isolation;Intermediate;FatLoss|Definition|MuscleGain|Fitness;3;12;15;75;wger|arms|bodyweight|isolation|anterior-deltoid;
wger-1433-reverse-wood-chops;Reverse Wood Chops;Back;none (bodyweight exercise);Pull;Intermediate;FatLoss|Definition|MuscleGain|Fitness;3;8;12;90;wger|back|none-bodyweight-exercise|pull|gluteus-maximus|latissimus-dorsi;
wger-1434-lat-pull-db;Lat Pull DB;Back;Dumbbell;Pull;Intermediate;FatLoss|Definition|MuscleGain|Fitness;3;8;12;90;wger|back|dumbbell|pull|latissimus-dorsi;
wger-1435-scapula-pulls;Scapula Pulls;Back;Bodyweight;Pull;Intermediate;FatLoss|Definition|MuscleGain|Fitness;3;8;12;90;wger|back|bodyweight|pull|latissimus-dorsi|trapezius;
wger-1436-pin-bench-press-bb;Pin Bench Press BB;Chest;Barbell;HorizontalPush;Intermediate;FatLoss|Definition|MuscleGain|Fitness;3;8;12;90;wger|chest|barbell|horizontalpush|pectoralis-major|triceps-brachii;
wger-1437-pin-squat;Pin Squat;Legs;Barbell;Squat;Intermediate;FatLoss|Definition|MuscleGain|Fitness;3;8;12;120;wger|legs|barbell|squat|biceps-femoris|gluteus-maximus|quadriceps-femoris;
wger-1438-clean;Clean;Legs;Barbell;Squat;Intermediate;FatLoss|Definition|MuscleGain|Fitness;3;8;12;120;wger|legs|barbell|squat|gluteus-maximus|quadriceps-femoris;
wger-1439-pin-ohp;Pin OHP;Shoulders;Barbell;VerticalPush;Intermediate;FatLoss|Definition|MuscleGain|Fitness;3;8;12;90;wger|shoulders|barbell|verticalpush|anterior-deltoid|triceps-brachii;
wger-1440-push-ohp;Push OHP;Shoulders;Barbell;VerticalPush;Intermediate;FatLoss|Definition|MuscleGain|Fitness;3;8;12;90;wger|shoulders|barbell|verticalpush|anterior-deltoid|gluteus-maximus|quadriceps-femoris;
wger-1441-incline-ohp-db;Incline OHP DB;Shoulders;Dumbbell;VerticalPush;Intermediate;FatLoss|Definition|MuscleGain|Fitness;3;8;12;90;wger|shoulders|dumbbell|verticalpush|anterior-deltoid;
wger-1442-kreis-press-db;Kreis Press DB;Shoulders;Dumbbell;VerticalPush;Intermediate;FatLoss|Definition|MuscleGain|Fitness;3;8;12;90;wger|shoulders|dumbbell|verticalpush|anterior-deltoid;
wger-1443-shoulder-raise-side-and-front-db;Shoulder Raise Side and Front DB;Shoulders;Dumbbell;VerticalPush;Intermediate;FatLoss|Definition|MuscleGain|Fitness;3;8;12;90;wger|shoulders|dumbbell|verticalpush|anterior-deltoid;
wger-1444-incline-chest-press-db;Incline Chest Press DB;Chest;Dumbbell;HorizontalPush;Intermediate;FatLoss|Definition|MuscleGain|Fitness;3;8;12;90;wger|chest|dumbbell|horizontalpush|pectoralis-major;
wger-1445-jerk-ol;Jerk OL;Shoulders;Barbell;VerticalPush;Intermediate;FatLoss|Definition|MuscleGain|Fitness;3;8;12;90;wger|shoulders|barbell|verticalpush|anterior-deltoid;
wger-1446-clean-and-jerk-ol;Clean and Jerk OL;Shoulders;Barbell;VerticalPush;Intermediate;FatLoss|Definition|MuscleGain|Fitness;3;8;12;90;wger|shoulders|barbell|verticalpush|anterior-deltoid|biceps-femoris|gluteus-maximus;
wger-1447-snatch-ol;Snatch OL;Back;Barbell;Pull;Intermediate;FatLoss|Definition|MuscleGain|Fitness;3;8;12;90;wger|back|barbell|pull|anterior-deltoid|biceps-femoris|gluteus-maximus;
wger-1448-seated-w-curl;Seated W Curl;Arms;Bench;Isolation;Intermediate;FatLoss|Definition|MuscleGain|Fitness;3;12;15;75;wger|arms|bench|isolation|biceps-brachii|brachialis;
wger-1449-climbmill;ClimbMill;Legs;Bodyweight;Bodyweight;Intermediate;FatLoss|Definition|MuscleGain|Fitness;3;8;12;120;wger|legs|bodyweight|quadriceps-femoris;
wger-1450-cobra-stretch;Cobra Stretch;Back;none (bodyweight exercise);Pull;Intermediate;FatLoss|Definition|MuscleGain|Fitness;3;8;12;90;wger|back|none-bodyweight-exercise|pull|rectus-abdominis;
wger-1451-torso-rotation-stretch;Torso rotation stretch;Chest;none (bodyweight exercise);HorizontalPush;Intermediate;FatLoss|Definition|MuscleGain|Fitness;3;8;12;90;wger|chest|none-bodyweight-exercise|horizontalpush|obliquus-externus-abdominis;
wger-1452-knee-to-chest-stretch;Knee to Chest Stretch;Legs;none (bodyweight exercise);Squat;Intermediate;FatLoss|Definition|MuscleGain|Fitness;3;8;12;120;wger|legs|none-bodyweight-exercise|squat|gluteus-maximus;
wger-1455-towel-superman;Towel Superman;Back;Bodyweight;Pull;Intermediate;FatLoss|Definition|MuscleGain|Fitness;3;8;12;90;wger|back|bodyweight|pull|latissimus-dorsi;
wger-1457-cable-press-around;Cable Press Around;Chest;Bodyweight;HorizontalPush;Intermediate;FatLoss|Definition|MuscleGain|Fitness;3;8;12;90;wger|chest|bodyweight|horizontalpush|anterior-deltoid|pectoralis-major|triceps-brachii;
wger-1458-cross-body-cable-y-raise;Cross-Body Cable Y-Raise;Back;Bodyweight;Pull;Intermediate;FatLoss|Definition|MuscleGain|Fitness;3;8;12;90;wger|back|bodyweight|pull|anterior-deltoid|latissimus-dorsi|trapezius;
wger-1461-no-leg-drive-dumbbell-chest-press;No Leg Drive Dumbbell Chest Press;Chest;Bench;HorizontalPush;Intermediate;FatLoss|Definition|MuscleGain|Fitness;3;8;12;90;wger|chest|bench|horizontalpush|pectoralis-major;
wger-1462-punches;punches;Arms;none (bodyweight exercise);Isolation;Intermediate;FatLoss|Definition|MuscleGain|Fitness;3;12;15;75;wger|arms|none-bodyweight-exercise|isolation|anterior-deltoid|triceps-brachii;
wger-1463-dumbbell-underhand-dead-row;Dumbbell Underhand Dead Row;Arms;Dumbbell;Isolation;Intermediate;FatLoss|Definition|MuscleGain|Fitness;3;12;15;75;wger|arms|dumbbell|isolation|biceps-brachii;
wger-1464-pause-hack-squats;Pause Hack Squats;Legs;Bodyweight;Squat;Intermediate;FatLoss|Definition|MuscleGain|Fitness;3;8;12;120;wger|legs|bodyweight|squat|quadriceps-femoris;
wger-1465-spider-curl;Spider Curl;Arms;Bench;Isolation;Intermediate;FatLoss|Definition|MuscleGain|Fitness;3;12;15;75;wger|arms|bench|isolation|biceps-brachii;
wger-1466-calf-raise-using-hack-squat-machine;Calf Raise using Hack Squat Machine;Legs;Bodyweight;Squat;Intermediate;FatLoss|Definition|MuscleGain|Fitness;3;8;12;120;wger|legs|bodyweight|squat|gastrocnemius|soleus;
wger-1467-incline-close-grip-barbell-bench-press;Incline Close Grip Barbell Bench Press;Arms;Barbell;Isolation;Intermediate;FatLoss|Definition|MuscleGain|Fitness;3;12;15;75;wger|arms|barbell|isolation|triceps-brachii;
wger-1468-floor-skull-crusher;Floor Skull Crusher;Arms;Barbell;Isolation;Intermediate;FatLoss|Definition|MuscleGain|Fitness;3;12;15;75;wger|arms|barbell|isolation|triceps-brachii;
wger-1469-bent-over-cable-flye;Bent over Cable Flye;Chest;Bodyweight;HorizontalPush;Intermediate;FatLoss|Definition|MuscleGain|Fitness;3;8;12;90;wger|chest|bodyweight|horizontalpush|pectoralis-major;
wger-1470-1-arm-half-kneeling-lat-pulldown;1-Arm Half-Kneeling Lat Pulldown;Back;Bodyweight;Pull;Intermediate;FatLoss|Definition|MuscleGain|Fitness;3;8;12;90;wger|back|bodyweight|pull|latissimus-dorsi;
wger-1471-kroc-row;Kroc Row;Back;Bodyweight;Pull;Intermediate;FatLoss|Definition|MuscleGain|Fitness;3;8;12;90;wger|back|bodyweight|pull|latissimus-dorsi|trapezius;
wger-1472-cable-shrug-in;Cable Shrug-In;Shoulders;Bodyweight;VerticalPush;Intermediate;FatLoss|Definition|MuscleGain|Fitness;3;8;12;90;wger|shoulders|bodyweight|verticalpush|trapezius;
wger-1473-reverse-cable-flye;Reverse Cable Flye;Back;Bodyweight;Pull;Intermediate;FatLoss|Definition|MuscleGain|Fitness;3;8;12;90;wger|back|bodyweight|pull|anterior-deltoid;
wger-1474-w-raise;W-Raise;Core;none (bodyweight exercise);Core;Intermediate;FatLoss|Definition|MuscleGain|Fitness;3;12;20;60;wger|core|none-bodyweight-exercise|obliquus-externus-abdominis|rectus-abdominis;
wger-1475-black-widow-knee-slides;Black Widow Knee Slides;Core;Bodyweight;Core;Intermediate;FatLoss|Definition|MuscleGain|Fitness;3;12;20;60;wger|core|bodyweight|obliquus-externus-abdominis|rectus-abdominis;
wger-1476-butterfly-sit-up;Butterfly Sit Up;Core;none (bodyweight exercise);Core;Intermediate;FatLoss|Definition|MuscleGain|Fitness;3;12;20;60;wger|core|none-bodyweight-exercise|obliquus-externus-abdominis|rectus-abdominis;
wger-1477-seated-corkscrew;Seated Corkscrew;Core;none (bodyweight exercise);Core;Intermediate;FatLoss|Definition|MuscleGain|Fitness;3;12;20;60;wger|core|none-bodyweight-exercise|obliquus-externus-abdominis|rectus-abdominis;
wger-1478-levitation-crunch;Levitation Crunch;Core;none (bodyweight exercise);Core;Intermediate;FatLoss|Definition|MuscleGain|Fitness;3;12;20;60;wger|core|none-bodyweight-exercise|rectus-abdominis;
wger-1479-sit-up-elbow-thrust;Sit Up Elbow Thrust;Core;none (bodyweight exercise);Core;Intermediate;FatLoss|Definition|MuscleGain|Fitness;3;12;20;60;wger|core|none-bodyweight-exercise|obliquus-externus-abdominis|rectus-abdominis;
wger-1480-lying-triceps-extensions;Lying Triceps Extensions;Arms;Barbell;Isolation;Intermediate;FatLoss|Definition|MuscleGain|Fitness;3;12;15;75;wger|arms|barbell|isolation|triceps-brachii;
wger-1481-drag-pushdown;Drag Pushdown;Arms;Barbell;Isolation;Intermediate;FatLoss|Definition|MuscleGain|Fitness;3;12;15;75;wger|arms|barbell|isolation|triceps-brachii;
wger-1482-dumbbell-cheat-curl;Dumbbell Cheat Curl;Arms;Dumbbell;Isolation;Intermediate;FatLoss|Definition|MuscleGain|Fitness;3;12;15;75;wger|arms|dumbbell|isolation|biceps-brachii;
wger-1483-bizeps-curls-trifecta;Bizeps Curls Trifecta;Arms;Dumbbell;Isolation;Intermediate;FatLoss|Definition|MuscleGain|Fitness;3;12;15;75;wger|arms|dumbbell|isolation|biceps-brachii;
wger-1484-omni-cable-cross-over;Omni Cable Cross-over;Chest;Barbell;HorizontalPush;Intermediate;FatLoss|Definition|MuscleGain|Fitness;3;8;12;90;wger|chest|barbell|horizontalpush|pectoralis-major;
wger-1485-rocking-triceps-pushdown;Rocking Triceps Pushdown;Arms;Barbell;Isolation;Intermediate;FatLoss|Definition|MuscleGain|Fitness;3;12;15;75;wger|arms|barbell|isolation|triceps-brachii;
wger-1486-alternating-high-cable-row;Alternating High Cable Row;Back;Bodyweight;Pull;Intermediate;FatLoss|Definition|MuscleGain|Fitness;3;8;12;90;wger|back|bodyweight|pull|latissimus-dorsi;
wger-1487-hyper-y-w-combo;Hyper Y W Combo;Back;Bodyweight;Pull;Intermediate;FatLoss|Definition|MuscleGain|Fitness;3;8;12;90;wger|back|bodyweight|pull|latissimus-dorsi;
wger-1488-dumbbell-pullover;Dumbbell Pullover;Back;Dumbbell;Pull;Intermediate;FatLoss|Definition|MuscleGain|Fitness;3;8;12;90;wger|back|dumbbell|pull|latissimus-dorsi;
wger-1489-plank-jacks;Plank Jacks;Core;Bodyweight;Core;Intermediate;FatLoss|Definition|MuscleGain|Fitness;3;12;20;60;wger|core|bodyweight|gluteus-maximus|obliquus-externus-abdominis|rectus-abdominis;
wger-1490-lying-triceps-kickback;Lying Triceps Kickback;Arms;Dumbbell;Isolation;Intermediate;FatLoss|Definition|MuscleGain|Fitness;3;12;15;75;wger|arms|dumbbell|isolation|triceps-brachii;
wger-1491-remada-unilateral-no-cabo;Remada unilateral no cabo;Back;Bodyweight;Pull;Intermediate;FatLoss|Definition|MuscleGain|Fitness;3;8;12;90;wger|back|bodyweight|pull|latissimus-dorsi;
wger-1492-high-row;High Row;Back;Bodyweight;Pull;Intermediate;FatLoss|Definition|MuscleGain|Fitness;3;8;12;90;wger|back|bodyweight|pull|latissimus-dorsi;
wger-1493-bayesian-curl;Bayesian Curl;Arms;Bodyweight;Isolation;Intermediate;FatLoss|Definition|MuscleGain|Fitness;3;12;15;75;wger|arms|bodyweight|isolation|biceps-brachii;
wger-1496-db-upper-chest-variation;DB Upper Chest Variation;Chest;Dumbbell;HorizontalPush;Intermediate;FatLoss|Definition|MuscleGain|Fitness;3;8;12;90;wger|chest|dumbbell|horizontalpush|pectoralis-major;
wger-1497-db-underhand-bench-press;DB Underhand bench press;Chest;Bench;HorizontalPush;Intermediate;FatLoss|Definition|MuscleGain|Fitness;3;8;12;90;wger|chest|bench|horizontalpush|pectoralis-major;
wger-1498-elbows-tucked-db-bench-press;Elbows Tucked DB Bench Press;Arms;Bench;Isolation;Intermediate;FatLoss|Definition|MuscleGain|Fitness;3;12;15;75;wger|arms|bench|isolation|triceps-brachii;
wger-1500-db-ucv;DB UCV;Chest;Dumbbell;HorizontalPush;Intermediate;FatLoss|Definition|MuscleGain|Fitness;3;8;12;90;wger|chest|dumbbell|horizontalpush|pectoralis-major;
wger-1501-alternative-db-gorilla-rows;Alternative DB Gorilla rows;Back;Dumbbell;Pull;Intermediate;FatLoss|Definition|MuscleGain|Fitness;3;8;12;90;wger|back|dumbbell|pull|latissimus-dorsi;
wger-1502-db-cross-body-hammer-curls;DB Cross Body Hammer Curls;Arms;Dumbbell;Isolation;Intermediate;FatLoss|Definition|MuscleGain|Fitness;3;12;15;75;wger|arms|dumbbell|isolation|biceps-brachii;
wger-1503-dumbbell-frog-press;Dumbbell Frog Press;Legs;Dumbbell;Squat;Intermediate;FatLoss|Definition|MuscleGain|Fitness;3;8;12;120;wger|legs|dumbbell|squat|gluteus-maximus;
wger-1504-dumbbell-bradford-press;Dumbbell Bradford press;Shoulders;Dumbbell;VerticalPush;Intermediate;FatLoss|Definition|MuscleGain|Fitness;3;8;12;90;wger|shoulders|dumbbell|verticalpush|anterior-deltoid;
wger-1689-cable-fly-middle-chest;Cable Fly Middle Chest;Chest;Bodyweight;HorizontalPush;Intermediate;FatLoss|Definition|MuscleGain|Fitness;3;8;12;90;wger|chest|bodyweight|horizontalpush|pectoralis-major;
wger-1690-cable-fly-upper-chest;Cable Fly Upper Chest;Chest;Bodyweight;HorizontalPush;Intermediate;FatLoss|Definition|MuscleGain|Fitness;3;8;12;90;wger|chest|bodyweight|horizontalpush|pectoralis-major;
wger-1508-high-incline-smith-machine-press;High-Incline Smith Machine Press;Chest;Bodyweight;HorizontalPush;Intermediate;FatLoss|Definition|MuscleGain|Fitness;3;8;12;90;wger|chest|bodyweight|horizontalpush|anterior-deltoid|pectoralis-major|triceps-brachii;
wger-1509-cable-tricep-kickback;Cable Tricep Kickback;Arms;Bodyweight;Isolation;Intermediate;FatLoss|Definition|MuscleGain|Fitness;3;12;15;75;wger|arms|bodyweight|isolation|triceps-brachii;
wger-1510-neutral-grip-lat-pulldown;Neutral Grip Lat Pulldown;Back;Bodyweight;Pull;Intermediate;FatLoss|Definition|MuscleGain|Fitness;3;8;12;90;wger|back|bodyweight|pull|latissimus-dorsi;
wger-1511-kong-curl;Kong Curl;Arms;Dumbbell;Isolation;Intermediate;FatLoss|Definition|MuscleGain|Fitness;3;12;15;75;wger|arms|dumbbell|isolation|biceps-brachii;
wger-1512-drop-curl;Drop Curl;Arms;Dumbbell;Isolation;Intermediate;FatLoss|Definition|MuscleGain|Fitness;3;12;15;75;wger|arms|dumbbell|isolation|biceps-brachii;
wger-1513-overhead-cable-tricep-extension;Overhead Cable Tricep Extension;Arms;Bodyweight;Isolation;Intermediate;FatLoss|Definition|MuscleGain|Fitness;3;12;15;75;wger|arms|bodyweight|isolation|triceps-brachii;
wger-1514-lateral-walk;Lateral Walk;Back;Bodyweight;Pull;Intermediate;FatLoss|Definition|MuscleGain|Fitness;3;8;12;90;wger|back|bodyweight|pull|gluteus-maximus;
wger-1515-leg-press-toe-press;Leg Press Toe Press;Legs;Bodyweight;Squat;Intermediate;FatLoss|Definition|MuscleGain|Fitness;3;8;12;120;wger|legs|bodyweight|squat|gastrocnemius;
wger-1516-handstand;Handstand;Shoulders;Bodyweight;VerticalPush;Intermediate;FatLoss|Definition|MuscleGain|Fitness;3;8;12;90;wger|shoulders|bodyweight|verticalpush|anterior-deltoid;
wger-1691-cable-fly-lower-chest;Cable Fly Lower Chest;Chest;Bodyweight;HorizontalPush;Intermediate;FatLoss|Definition|MuscleGain|Fitness;3;8;12;90;wger|chest|bodyweight|horizontalpush|pectoralis-major;
wger-1692-incline-smith-press;Incline Smith Press;Chest;Bench;HorizontalPush;Intermediate;FatLoss|Definition|MuscleGain|Fitness;3;8;12;90;wger|chest|bench|horizontalpush|pectoralis-major;
wger-1519-overhead-triceps-extension;Overhead Triceps Extension;Arms;Barbell;Isolation;Intermediate;FatLoss|Definition|MuscleGain|Fitness;3;12;15;75;wger|arms|barbell|isolation|trapezius;
wger-1693-incline-static-hold;Incline Static Hold;Chest;Dumbbell;HorizontalPush;Intermediate;FatLoss|Definition|MuscleGain|Fitness;3;8;12;90;wger|chest|dumbbell|horizontalpush|pectoralis-major;
wger-1521-pendular-hack;Pendular hack;Legs;Bodyweight;Squat;Intermediate;FatLoss|Definition|MuscleGain|Fitness;3;8;12;120;wger|legs|bodyweight|squat;
wger-1694-flat-machine-press;Flat Machine Press;Chest;Bench;HorizontalPush;Intermediate;FatLoss|Definition|MuscleGain|Fitness;3;8;12;90;wger|chest|bench|horizontalpush|pectoralis-major;
wger-1523-sled-push;Sled Push;Other;Bodyweight;Bodyweight;Intermediate;FatLoss|Definition|MuscleGain|Fitness;3;8;12;90;wger|other|bodyweight|gastrocnemius|gluteus-maximus|quadriceps-femoris;
wger-1524-battle-ropes;Battle Ropes;Arms;Bodyweight;Bodyweight;Intermediate;FatLoss|Definition|MuscleGain|Fitness;3;8;12;90;wger|arms|bodyweight|biceps-femoris|gluteus-maximus|latissimus-dorsi;
wger-1525-ball-slams;Ball Slams;Back;Bodyweight;Bodyweight;Intermediate;FatLoss|Definition|MuscleGain|Fitness;3;8;12;90;wger|back|bodyweight|latissimus-dorsi|obliquus-externus-abdominis|rectus-abdominis;
wger-1526-ski-machine;Ski Machine;Other;Bodyweight;Bodyweight;Intermediate;FatLoss|Definition|MuscleGain|Fitness;3;8;12;90;wger|other|bodyweight|gastrocnemius|latissimus-dorsi|trapezius;
wger-1527-pendulum-squat;Pendulum Squat;Legs;none (bodyweight exercise);Squat;Intermediate;FatLoss|Definition|MuscleGain|Fitness;3;8;12;120;wger|legs|none-bodyweight-exercise|squat|quadriceps-femoris;
wger-1528-glute-drive;Glute Drive;Legs;Bodyweight;Squat;Intermediate;FatLoss|Definition|MuscleGain|Fitness;3;8;12;120;wger|legs|bodyweight|squat|gluteus-maximus;
wger-1529-toes-to-bar;Toes to bar;Core;Bodyweight;Core;Intermediate;FatLoss|Definition|MuscleGain|Fitness;3;12;20;60;wger|core|bodyweight;
wger-1530-lying-dumbbell-curls;Lying Dumbbell Curls;Arms;Bench;Isolation;Intermediate;FatLoss|Definition|MuscleGain|Fitness;3;12;15;75;wger|arms|bench|isolation|biceps-brachii;
wger-1531-cable-curls;Cable Curls;Arms;none (bodyweight exercise);Isolation;Intermediate;FatLoss|Definition|MuscleGain|Fitness;3;12;15;75;wger|arms|none-bodyweight-exercise|isolation|biceps-brachii;
wger-1695-pull-ups-wide-grip;Pull-Ups (Wide Grip);Back;none (bodyweight exercise);Pull;Intermediate;FatLoss|Definition|MuscleGain|Fitness;3;8;12;90;wger|back|none-bodyweight-exercise|pull|latissimus-dorsi;
wger-1698-barbell-row-overhand;Barbell Row (Overhand);Back;Barbell;Pull;Intermediate;FatLoss|Definition|MuscleGain|Fitness;3;8;12;90;wger|back|barbell|pull|latissimus-dorsi;
wger-1699-barbell-row-underhand;Barbell Row (Underhand);Back;Barbell;Pull;Intermediate;FatLoss|Definition|MuscleGain|Fitness;3;8;12;90;wger|back|barbell|pull|latissimus-dorsi;
wger-1536-delt-stretch;Delt Stretch;Shoulders;Bodyweight;VerticalPush;Intermediate;FatLoss|Definition|MuscleGain|Fitness;3;8;12;90;wger|shoulders|bodyweight|verticalpush|anterior-deltoid;
wger-1537-pull-up-isometric-hold;Pull-up Isometric Hold;Back;Bodyweight;Pull;Intermediate;FatLoss|Definition|MuscleGain|Fitness;3;8;12;90;wger|back|bodyweight|pull|biceps-brachii|latissimus-dorsi|trapezius;
wger-1700-barbell-romanian-deadlift-rdl;Barbell Romanian Deadlift (RDL);Back;Barbell;Pull;Intermediate;FatLoss|Definition|MuscleGain|Fitness;3;8;12;90;wger|back|barbell|pull|latissimus-dorsi;
wger-1701-one-arm-heavy-row;One-Arm Heavy Row;Back;Dumbbell;Pull;Advanced;FatLoss|Definition|MuscleGain|Fitness;4;6;10;120;wger|back|dumbbell|pull|latissimus-dorsi;
wger-1702-jalon-al-pecho-con-agarre-ancho;Jalón al pecho con agarre ancho;Back;Bodyweight;Pull;Intermediate;FatLoss|Definition|MuscleGain|Fitness;3;8;12;90;wger|back|bodyweight|pull|latissimus-dorsi|trapezius;
wger-1703-patadas-traseras;Patadas traseras;Arms;Bench;Isolation;Intermediate;FatLoss|Definition|MuscleGain|Fitness;3;12;15;75;wger|arms|bench|isolation|triceps-brachii;
wger-1542-wide-pull-up;Wide Pull Up;Back;Bodyweight;Pull;Intermediate;FatLoss|Definition|MuscleGain|Fitness;3;8;12;90;wger|back|bodyweight|pull|latissimus-dorsi;
wger-1704-tuck-l-sit;Tuck L-sit;Core;Bench;Core;Intermediate;FatLoss|Definition|MuscleGain|Fitness;3;12;20;60;wger|core|bench|rectus-abdominis;
wger-1545-archer-pull-up;Archer Pull Up;Back;Bodyweight;Pull;Intermediate;FatLoss|Definition|MuscleGain|Fitness;3;8;12;90;wger|back|bodyweight|pull|latissimus-dorsi;
wger-1546-larsen-press;Larsen Press;Chest;Barbell;HorizontalPush;Intermediate;FatLoss|Definition|MuscleGain|Fitness;3;8;12;90;wger|chest|barbell|horizontalpush|pectoralis-major;
wger-1706-bulgarian-squat-with-dumbbells;Bulgarian Squat with Dumbbells;Legs;Dumbbell;Squat;Intermediate;FatLoss|Definition|MuscleGain|Fitness;3;8;12;120;wger|legs|dumbbell|squat|gluteus-maximus|quadriceps-femoris;
wger-1548-stair-master;Stair Master;Arms;none (bodyweight exercise);Other;Intermediate;FatLoss|Definition|MuscleGain|Fitness;3;8;12;90;wger|arms|none-bodyweight-exercise|other|biceps-femoris|gastrocnemius|gluteus-maximus;
wger-1707-elevacion-lateral-polea;Elevación lateral polea;Back;Bench;Pull;Intermediate;FatLoss|Definition|MuscleGain|Fitness;3;8;12;90;wger|back|bench|pull|anterior-deltoid;
wger-1710-butchers-block-stretch;Butchers Block Stretch;Shoulders;Bench;VerticalPush;Intermediate;FatLoss|Definition|MuscleGain|Fitness;3;8;12;90;wger|shoulders|bench|verticalpush|latissimus-dorsi;
wger-1554-clap-push-up;Clap Push-UP;Chest;none (bodyweight exercise);HorizontalPush;Intermediate;FatLoss|Definition|MuscleGain|Fitness;3;8;12;90;wger|chest|none-bodyweight-exercise|horizontalpush|pectoralis-major;
wger-1711-sleeper-stretch;Sleeper Stretch;Shoulders;none (bodyweight exercise);VerticalPush;Intermediate;FatLoss|Definition|MuscleGain|Fitness;3;8;12;90;wger|shoulders|none-bodyweight-exercise|verticalpush|anterior-deltoid;
wger-1551-push-up;Push-Up;Chest;none (bodyweight exercise);HorizontalPush;Intermediate;FatLoss|Definition|MuscleGain|Fitness;3;8;12;90;wger|chest|none-bodyweight-exercise|horizontalpush|pectoralis-major;
wger-1556-devils-press;Devil’s Press;Shoulders;Dumbbell;VerticalPush;Intermediate;FatLoss|Definition|MuscleGain|Fitness;3;8;12;90;wger|shoulders|dumbbell|verticalpush|anterior-deltoid|gluteus-maximus|pectoralis-major;
wger-1572-bird-dog;Bird Dog;Core;none (bodyweight exercise);Core;Intermediate;FatLoss|Definition|MuscleGain|Fitness;3;12;20;60;wger|core|none-bodyweight-exercise|rectus-abdominis;
wger-1573-ab-wheel;Ab wheel;Core;none (bodyweight exercise);Core;Intermediate;FatLoss|Definition|MuscleGain|Fitness;3;12;20;60;wger|core|none-bodyweight-exercise|rectus-abdominis;
wger-1574-schwimmen;Schwimmen;Other;Bodyweight;Bodyweight;Intermediate;FatLoss|Definition|MuscleGain|Fitness;3;8;12;90;wger|other|bodyweight;
wger-1575-standing-dowel-shoulder-press;Standing Dowel Shoulder press;Shoulders;Barbell;VerticalPush;Intermediate;FatLoss|Definition|MuscleGain|Fitness;3;8;12;90;wger|shoulders|barbell|verticalpush;
wger-1576-snap-down;Snap Down;Legs;Bodyweight;Squat;Intermediate;FatLoss|Definition|MuscleGain|Fitness;3;8;12;120;wger|legs|bodyweight|squat|biceps-femoris|gluteus-maximus|quadriceps-femoris;
wger-1577-bretzel-stretch;Bretzel stretch;Back;Bodyweight;Pull;Intermediate;FatLoss|Definition|MuscleGain|Fitness;3;8;12;90;wger|back|bodyweight|pull|gluteus-maximus;
wger-1578-hip-hinge;Hip hinge;Legs;Barbell;Squat;Intermediate;FatLoss|Definition|MuscleGain|Fitness;3;8;12;120;wger|legs|barbell|squat|biceps-femoris|gluteus-maximus;
wger-1579-bronco;Bronco;Other;none (bodyweight exercise);Other;Intermediate;FatLoss|Definition|MuscleGain|Fitness;3;8;12;90;wger|other|none-bodyweight-exercise;
wger-1580-perpendicular-unilateral-landmine-row;Perpendicular Unilateral Landmine Row;Shoulders;Barbell;VerticalPush;Intermediate;FatLoss|Definition|MuscleGain|Fitness;3;8;12;90;wger|shoulders|barbell|verticalpush|anterior-deltoid|trapezius;
wger-1581-trap-press;Trap press;Shoulders;Barbell;VerticalPush;Intermediate;FatLoss|Definition|MuscleGain|Fitness;3;8;12;90;wger|shoulders|barbell|verticalpush|trapezius;
wger-1582-side-laying-interior-rotation;Side-laying interior rotation;Shoulders;Barbell;VerticalPush;Intermediate;FatLoss|Definition|MuscleGain|Fitness;3;8;12;90;wger|shoulders|barbell|verticalpush|trapezius;
wger-1583-supine-press;Supine press;Back;Barbell;Pull;Intermediate;FatLoss|Definition|MuscleGain|Fitness;3;8;12;90;wger|back|barbell|pull|trapezius;
wger-1584-march-or-jog-in-place;March or jog in place;Arms;none (bodyweight exercise);Other;Intermediate;FatLoss|Definition|MuscleGain|Fitness;3;8;12;90;wger|arms|none-bodyweight-exercise|other|biceps-femoris|gastrocnemius|gluteus-maximus;
wger-1589-estiramiento-de-piernas-y-cadera;Estiramiento de piernas y cadera;Legs;none (bodyweight exercise);Squat;Intermediate;FatLoss|Definition|MuscleGain|Fitness;3;8;12;120;wger|legs|none-bodyweight-exercise|squat|biceps-femoris|gluteus-maximus|quadriceps-femoris;
wger-1590-estiramiento-de-brazos-y-cuello;Estiramiento de brazos y cuello;Core;none (bodyweight exercise);Core;Intermediate;FatLoss|Definition|MuscleGain|Fitness;3;12;20;60;wger|core|none-bodyweight-exercise|anterior-deltoid|trapezius|triceps-brachii;
wger-1591-respiracion-profunda-de-pie-o-sentado;Respiración profunda (de pie o sentado);Chest;none (bodyweight exercise);HorizontalPush;Intermediate;FatLoss|Definition|MuscleGain|Fitness;3;8;12;90;wger|chest|none-bodyweight-exercise|horizontalpush|obliquus-externus-abdominis|rectus-abdominis;
wger-1592-meditacion-guiada-o-libre;Meditación guiada o libre;Other;none (bodyweight exercise);Other;Intermediate;FatLoss|Definition|MuscleGain|Fitness;3;8;12;90;wger|other|none-bodyweight-exercise;
wger-1593-smith-machine-split-squat;Smith Machine Split Squat;Legs;Barbell;Squat;Intermediate;FatLoss|Definition|MuscleGain|Fitness;3;8;12;120;wger|legs|barbell|squat|biceps-femoris|quadriceps-femoris;
wger-1696-pull-ups-neutral-grip;Pull-Ups (Neutral Grip);Back;Bodyweight;Pull;Intermediate;FatLoss|Definition|MuscleGain|Fitness;3;8;12;90;wger|back|bodyweight|pull|latissimus-dorsi;
wger-1709-reverse-fly-standing;Reverse Fly Standing;Shoulders;Resistance band;VerticalPush;Intermediate;FatLoss|Definition|MuscleGain|Fitness;3;8;12;90;wger|shoulders|resistance-band|verticalpush|anterior-deltoid|trapezius;
wger-1712-horizontal-shoulder-flexion-stretch;Horizontal Shoulder Flexion Stretch;Shoulders;none (bodyweight exercise);VerticalPush;Intermediate;FatLoss|Definition|MuscleGain|Fitness;3;8;12;90;wger|shoulders|none-bodyweight-exercise|verticalpush|pectoralis-major;
wger-1719-jalon-caballero-unialteral;Jalon caballero unialteral;Back;Dumbbell;Pull;Intermediate;FatLoss|Definition|MuscleGain|Fitness;3;8;12;90;wger|back|dumbbell|pull|brachialis|obliquus-externus-abdominis;
wger-1938-cat-cow;Cat-Cow;Back;Bodyweight;Pull;Intermediate;FatLoss|Definition|MuscleGain|Fitness;3;8;12;90;wger|back|bodyweight|pull;
wger-1602-dumbbell-scaption;Dumbbell Scaption;Shoulders;Dumbbell;VerticalPush;Intermediate;FatLoss|Definition|MuscleGain|Fitness;3;8;12;90;wger|shoulders|dumbbell|verticalpush|trapezius;
wger-1603-leg-curl-with-elastic;Leg curl with elastic;Legs;Resistance band;CalfRaise;Intermediate;FatLoss|Definition|MuscleGain|Fitness;3;12;15;75;wger|legs|resistance-band|calfraise|gastrocnemius;
wger-1604-sliding-lateral-lunge;Sliding Lateral Lunge;Legs;Barbell;Squat;Intermediate;FatLoss|Definition|MuscleGain|Fitness;3;8;12;120;wger|legs|barbell|squat|biceps-femoris|gluteus-maximus|quadriceps-femoris;
wger-1605-copenhagen-adduction-exercise;Copenhagen Adduction Exercise;Legs;Bench;Squat;Intermediate;FatLoss|Definition|MuscleGain|Fitness;3;8;12;120;wger|legs|bench|squat|gluteus-maximus|quadriceps-femoris;
wger-1606-arm-raises-t-y-i;Arm Raises (T/Y/I);Arms;none (bodyweight exercise);Isolation;Intermediate;FatLoss|Definition|MuscleGain|Fitness;3;12;15;75;wger|arms|none-bodyweight-exercise|isolation|anterior-deltoid|latissimus-dorsi|serratus-anterior;
wger-1607-typewriter-pull-ups;Typewriter Pull-ups;Back;none (bodyweight exercise);Pull;Intermediate;FatLoss|Definition|MuscleGain|Fitness;3;8;12;90;wger|back|none-bodyweight-exercise|pull|biceps-brachii|latissimus-dorsi;
wger-1608-bodyweight-biceps-curl;Bodyweight Biceps Curl;Arms;none (bodyweight exercise);Isolation;Intermediate;FatLoss|Definition|MuscleGain|Fitness;3;12;15;75;wger|arms|none-bodyweight-exercise|isolation|biceps-brachii;
wger-1723-glute-kickback-machine;Glute Kickback (Machine);Legs;Bodyweight;Squat;Intermediate;FatLoss|Definition|MuscleGain|Fitness;3;8;12;120;wger|legs|bodyweight|squat|gluteus-maximus;
wger-1724-standing-adduction-cable;Standing Adduction (Cable);Legs;Bodyweight;Squat;Intermediate;FatLoss|Definition|MuscleGain|Fitness;3;8;12;120;wger|legs|bodyweight|squat;
wger-1725-seated-row-machine;Seated Row (Machine);Back;Bodyweight;Pull;Intermediate;FatLoss|Definition|MuscleGain|Fitness;3;8;12;90;wger|back|bodyweight|pull|latissimus-dorsi;
wger-1612-kettlebell-sumo-deadlift;kettlebell sumo deadlift;Legs;Kettlebell;Squat;Intermediate;FatLoss|Definition|MuscleGain|Fitness;3;8;12;120;wger|legs|kettlebell|squat|biceps-femoris|gluteus-maximus|quadriceps-femoris;
wger-1613-rubber-band-glute-kickback;rubber band glute kickback;Legs;Resistance band;Squat;Intermediate;FatLoss|Definition|MuscleGain|Fitness;3;8;12;120;wger|legs|resistance-band|squat|gluteus-maximus;
wger-1615-treadmill-cardio;Treadmill Cardio;Other;none (bodyweight exercise);Other;Intermediate;FatLoss|Definition|MuscleGain|Fitness;3;8;12;90;wger|other|none-bodyweight-exercise;
wger-1616-patada-de-burro-con-mancuerna;Patada de burro con mancuerna;Legs;Dumbbell;Squat;Intermediate;FatLoss|Definition|MuscleGain|Fitness;3;8;12;120;wger|legs|dumbbell|squat|biceps-femoris|gluteus-maximus;
wger-1952-smr-glutes-lax-ball;SMR Glutes (lax ball);Legs;Bodyweight;Squat;Intermediate;FatLoss|Definition|MuscleGain|Fitness;3;8;12;120;wger|legs|bodyweight|squat;
wger-1618-cardio-en-bicicleta-estatica;Cardio en bicicleta estática;Other;none (bodyweight exercise);Other;Intermediate;FatLoss|Definition|MuscleGain|Fitness;3;8;12;90;wger|other|none-bodyweight-exercise;
wger-1726-straight-arm-pulldown-cable;Straight-Arm Pulldown (Cable);Back;Bodyweight;Pull;Intermediate;FatLoss|Definition|MuscleGain|Fitness;3;8;12;90;wger|back|bodyweight|pull|latissimus-dorsi;
wger-1620-seated-dumbbell-calf-raise;Seated Dumbbell Calf Raise;Legs;Dumbbell;CalfRaise;Intermediate;FatLoss|Definition|MuscleGain|Fitness;3;12;15;75;wger|legs|dumbbell|calfraise|gastrocnemius;
wger-1621-unilateral-cable-row;Unilateral Cable row;Back;Bench;Pull;Intermediate;FatLoss|Definition|MuscleGain|Fitness;3;8;12;90;wger|back|bench|pull|latissimus-dorsi|serratus-anterior;
wger-1727-side-straight-arm-pulldown-cable;Side Straight-Arm Pulldown (Cable);Back;Bodyweight;Pull;Intermediate;FatLoss|Definition|MuscleGain|Fitness;3;8;12;90;wger|back|bodyweight|pull|latissimus-dorsi;
wger-1728-shoulder-internal-rotation-cable;Shoulder Internal Rotation (Cable);Shoulders;Bodyweight;VerticalPush;Intermediate;FatLoss|Definition|MuscleGain|Fitness;3;8;12;90;wger|shoulders|bodyweight|verticalpush|anterior-deltoid;
wger-1729-shoulder-external-rotation-cable;Shoulder External Rotation (Cable);Shoulders;Bodyweight;VerticalPush;Intermediate;FatLoss|Definition|MuscleGain|Fitness;3;8;12;90;wger|shoulders|bodyweight|verticalpush|anterior-deltoid;
wger-1730-side-lateral-raise-cable;Side Lateral Raise (Cable);Back;Bodyweight;Pull;Intermediate;FatLoss|Definition|MuscleGain|Fitness;3;8;12;90;wger|back|bodyweight|pull|latissimus-dorsi;
wger-1731-front-raise-cable;Front Raise (Cable);Shoulders;Bodyweight;VerticalPush;Intermediate;FatLoss|Definition|MuscleGain|Fitness;3;8;12;90;wger|shoulders|bodyweight|verticalpush|anterior-deltoid;
wger-1732-face-pulls-with-yellow-green-band;Face pulls with yellow/green band;Back;Resistance band;Pull;Intermediate;FatLoss|Definition|MuscleGain|Fitness;3;8;12;90;wger|back|resistance-band|pull|latissimus-dorsi;
wger-1733-isometric-squat-to-failure;Isometric Squat to Failure;Legs;none (bodyweight exercise);Squat;Intermediate;FatLoss|Definition|MuscleGain|Fitness;3;8;12;120;wger|legs|none-bodyweight-exercise|squat|gluteus-maximus|quadriceps-femoris;
wger-1734-single-leg-lunge-with-kettlebell;Single-Leg Lunge with Kettlebell:;Legs;Kettlebell;Squat;Intermediate;FatLoss|Definition|MuscleGain|Fitness;3;8;12;120;wger|legs|kettlebell|squat|gastrocnemius|gluteus-maximus|quadriceps-femoris;
wger-1735-single-leg-side-glute-press;Single-leg side glute press;Legs;Bench;Squat;Intermediate;FatLoss|Definition|MuscleGain|Fitness;3;8;12;120;wger|legs|bench|squat|gastrocnemius|gluteus-maximus|quadriceps-femoris;
wger-1737-assisted-chin-ups;Assisted chin-ups;Back;Bodyweight;Pull;Beginner;FatLoss|Definition|MuscleGain|Fitness;3;8;12;90;wger|back|bodyweight|pull;
wger-1738-neutral-grip-pull-ups-or-trx-rows;Neutral-grip pull-ups or TRX rows;Arms;Bodyweight;Isolation;Intermediate;FatLoss|Definition|MuscleGain|Fitness;3;12;15;75;wger|arms|bodyweight|isolation|latissimus-dorsi;
wger-1739-shrimp-squad;Shrimp Squad;Legs;none (bodyweight exercise);Squat;Intermediate;FatLoss|Definition|MuscleGain|Fitness;3;8;12;120;wger|legs|none-bodyweight-exercise|squat;
wger-1741-l-sit-pull-ups;L-Sit Pull-ups;Arms;none (bodyweight exercise);Isolation;Intermediate;FatLoss|Definition|MuscleGain|Fitness;3;12;15;75;wger|arms|none-bodyweight-exercise|isolation;
wger-1742-back-lever;Back Lever;Back;Bodyweight;Pull;Intermediate;FatLoss|Definition|MuscleGain|Fitness;3;8;12;90;wger|back|bodyweight|pull;
wger-1743-windshield-wipers;Windshield Wipers;Core;Bodyweight;Core;Intermediate;FatLoss|Definition|MuscleGain|Fitness;3;12;20;60;wger|core|bodyweight|obliquus-externus-abdominis|rectus-abdominis;
wger-1744-machine-side-lateral-raises;Machine Side Lateral Raises;Shoulders;Bodyweight;VerticalPush;Intermediate;FatLoss|Definition|MuscleGain|Fitness;3;8;12;90;wger|shoulders|bodyweight|verticalpush|anterior-deltoid;
wger-1745-cable-front-raise-with-a-small-bar;Cable Front Raise with a small bar;Shoulders;Bodyweight;VerticalPush;Intermediate;FatLoss|Definition|MuscleGain|Fitness;3;8;12;90;wger|shoulders|bodyweight|verticalpush|anterior-deltoid;
wger-1747-smith-machine-squat;Smith machine squat;Legs;Bodyweight;Squat;Intermediate;FatLoss|Definition|MuscleGain|Fitness;3;8;12;120;wger|legs|bodyweight|squat|gluteus-maximus|quadriceps-femoris;
wger-1751-cable-pull-through;Cable pull through;Legs;Bodyweight;Squat;Intermediate;FatLoss|Definition|MuscleGain|Fitness;3;8;12;120;wger|legs|bodyweight|squat|gluteus-maximus;
wger-1752-side-lateral-raise-front-cable;Side lateral raise - Front (Cable);Shoulders;Bodyweight;VerticalPush;Intermediate;FatLoss|Definition|MuscleGain|Fitness;3;8;12;90;wger|shoulders|bodyweight|verticalpush|anterior-deltoid;
wger-1753-side-lateral-raise-back-cable;Side lateral raise - Back (Cable);Shoulders;Bodyweight;VerticalPush;Intermediate;FatLoss|Definition|MuscleGain|Fitness;3;8;12;90;wger|shoulders|bodyweight|verticalpush|anterior-deltoid;
wger-1754-45-lateral-raises;45° lateral raises;Shoulders;Dumbbell;VerticalPush;Intermediate;FatLoss|Definition|MuscleGain|Fitness;3;8;12;90;wger|shoulders|dumbbell|verticalpush;
wger-1755-shoulder-y-pull-cable;Shoulder Y-pull cable;Shoulders;Bodyweight;VerticalPush;Intermediate;FatLoss|Definition|MuscleGain|Fitness;3;8;12;90;wger|shoulders|bodyweight|verticalpush;
wger-1766-plank-reach;Plank Reach;Core;none (bodyweight exercise);Core;Intermediate;FatLoss|Definition|MuscleGain|Fitness;3;12;20;60;wger|core|none-bodyweight-exercise;
wger-1768-bicep;bicep;Arms;Bodyweight;Isolation;Intermediate;FatLoss|Definition|MuscleGain|Fitness;3;12;15;75;wger|arms|bodyweight|isolation;
wger-1769-cabel;cabel;Legs;Bodyweight;Squat;Intermediate;FatLoss|Definition|MuscleGain|Fitness;3;8;12;120;wger|legs|bodyweight|squat;
wger-1772-reverse-crunch;Reverse crunch;Core;none (bodyweight exercise);Core;Intermediate;FatLoss|Definition|MuscleGain|Fitness;3;12;20;60;wger|core|none-bodyweight-exercise|rectus-abdominis;
wger-1773-legend-incline-bench-press;Legend Incline Bench Press;Chest;Bodyweight;HorizontalPush;Intermediate;FatLoss|Definition|MuscleGain|Fitness;3;8;12;90;wger|chest|bodyweight|horizontalpush|pectoralis-major;
wger-1736-single-leg-deadlift-with-dumbbell;Single-Leg Deadlift with Dumbbell;Legs;Dumbbell;Squat;Intermediate;FatLoss|Definition|MuscleGain|Fitness;3;8;12;120;wger|legs|dumbbell|squat|biceps-femoris|gluteus-maximus;
wger-1740-single-leg-glute-bridge;Single Leg Glute Bridge;Legs;none (bodyweight exercise);Squat;Intermediate;FatLoss|Definition|MuscleGain|Fitness;3;8;12;120;wger|legs|none-bodyweight-exercise|squat|gluteus-maximus;
wger-1748-machine-hip-abduction;Machine Hip Abduction;Legs;Bodyweight;Squat;Intermediate;FatLoss|Definition|MuscleGain|Fitness;3;8;12;120;wger|legs|bodyweight|squat|gluteus-maximus;
wger-1771-wrist-curl-cable;Wrist curl, cable;Arms;Bodyweight;Isolation;Intermediate;FatLoss|Definition|MuscleGain|Fitness;3;12;15;75;wger|arms|bodyweight|isolation;
wger-1774-chair-dips;Chair dips;Shoulders;none (bodyweight exercise);VerticalPush;Intermediate;FatLoss|Definition|MuscleGain|Fitness;3;8;12;90;wger|shoulders|none-bodyweight-exercise|verticalpush;
wger-1775-pec-deck-rear-delt-fly;Pec deck rear delt fly;Shoulders;Bodyweight;VerticalPush;Intermediate;FatLoss|Definition|MuscleGain|Fitness;3;8;12;90;wger|shoulders|bodyweight|verticalpush;
wger-1777-deficit-push-ups;Deficit Push ups;Chest;none (bodyweight exercise);HorizontalPush;Intermediate;FatLoss|Definition|MuscleGain|Fitness;3;8;12;90;wger|chest|none-bodyweight-exercise|horizontalpush|pectoralis-major;
wger-1843-butterfly-stretch;Butterfly Stretch;Legs;none (bodyweight exercise);Squat;Intermediate;FatLoss|Definition|MuscleGain|Fitness;3;8;12;120;wger|legs|none-bodyweight-exercise|squat;
wger-1844-frog-stretch;Frog Stretch;Legs;none (bodyweight exercise);Squat;Intermediate;FatLoss|Definition|MuscleGain|Fitness;3;8;12;120;wger|legs|none-bodyweight-exercise|squat|gluteus-maximus;
wger-1778-supino-inclinado;Supino inclinado;Chest;Bodyweight;HorizontalPush;Intermediate;FatLoss|Definition|MuscleGain|Fitness;3;8;12;90;wger|chest|bodyweight|horizontalpush;
wger-1779-landmine-rotation;Landmine Rotation;Core;Barbell;Core;Intermediate;FatLoss|Definition|MuscleGain|Fitness;3;12;20;60;wger|core|barbell;
wger-1793-supino-inclinado;Supino Inclinado;Chest;Bodyweight;HorizontalPush;Intermediate;FatLoss|Definition|MuscleGain|Fitness;3;8;12;90;wger|chest|bodyweight|horizontalpush;
wger-1795-unilateral-cross-body-cable-pull-down;unilateral cross body cable pull down;Shoulders;Bodyweight;VerticalPush;Intermediate;FatLoss|Definition|MuscleGain|Fitness;3;8;12;90;wger|shoulders|bodyweight|verticalpush|anterior-deltoid;
wger-1800-supino-inclinado;Supino Inclinado;Arms;Bodyweight;Isolation;Intermediate;FatLoss|Definition|MuscleGain|Fitness;3;12;15;75;wger|arms|bodyweight|isolation;
wger-1803-trap-bar-squat;Trap Bar Squat;Legs;Bodyweight;Squat;Intermediate;FatLoss|Definition|MuscleGain|Fitness;3;8;12;120;wger|legs|bodyweight|squat|quadriceps-femoris;
wger-1804-ankle-dorsiflexion-rocks;ankle dorsiflexion rocks;Legs;none (bodyweight exercise);Squat;Intermediate;FatLoss|Definition|MuscleGain|Fitness;3;8;12;120;wger|legs|none-bodyweight-exercise|squat|gastrocnemius|soleus;
wger-1806-lat-pull-down;Lat Pull Down;Back;Bodyweight;Pull;Intermediate;FatLoss|Definition|MuscleGain|Fitness;3;8;12;90;wger|back|bodyweight|pull|latissimus-dorsi;
wger-1808-parallel-bar-hold;Parallel Bar Hold;Arms;Bodyweight;Isolation;Intermediate;FatLoss|Definition|MuscleGain|Fitness;3;12;15;75;wger|arms|bodyweight|isolation|anterior-deltoid|pectoralis-major|triceps-brachii;
wger-1809-reverse-hyperextension;Reverse Hyperextension;Legs;Bench;Squat;Intermediate;FatLoss|Definition|MuscleGain|Fitness;3;8;12;120;wger|legs|bench|squat|biceps-femoris|gluteus-maximus;
wger-1810-sphinx;Sphinx;Core;none (bodyweight exercise);Core;Intermediate;FatLoss|Definition|MuscleGain|Fitness;3;12;20;60;wger|core|none-bodyweight-exercise|rectus-abdominis;
wger-1822-open-book;Open Book;Back;none (bodyweight exercise);Pull;Intermediate;FatLoss|Definition|MuscleGain|Fitness;3;8;12;90;wger|back|none-bodyweight-exercise|pull;
wger-1824-dumbell-tate-press;Dumbell Tate Press;Arms;Bench;Isolation;Intermediate;FatLoss|Definition|MuscleGain|Fitness;3;12;15;75;wger|arms|bench|isolation|triceps-brachii;
wger-1825-chest-supported-rear-delt-raise;Chest-Supported Rear Delt Raise;Shoulders;Bench;VerticalPush;Intermediate;FatLoss|Definition|MuscleGain|Fitness;3;8;12;90;wger|shoulders|bench|verticalpush|anterior-deltoid;
wger-1826-band-pull-apart-with-external-rotation;Band pull-apart with external rotation;Shoulders;Resistance band;VerticalPush;Intermediate;FatLoss|Definition|MuscleGain|Fitness;3;8;12;90;wger|shoulders|resistance-band|verticalpush|anterior-deltoid;
wger-1827-double-leg-abdominal-press;Double-Leg Abdominal Press;Core;Bodyweight;Core;Intermediate;FatLoss|Definition|MuscleGain|Fitness;3;12;20;60;wger|core|bodyweight|rectus-abdominis;
wger-1828-abdominal-draw-in;Abdominal Draw-In;Core;none (bodyweight exercise);Core;Intermediate;FatLoss|Definition|MuscleGain|Fitness;3;12;20;60;wger|core|none-bodyweight-exercise|rectus-abdominis;
wger-1829-landmine-squat-to-press;Landmine Squat to Press;Legs;Barbell;Squat;Intermediate;FatLoss|Definition|MuscleGain|Fitness;3;8;12;120;wger|legs|barbell|squat|anterior-deltoid|gluteus-maximus|quadriceps-femoris;
wger-1830-barbell-step-back-lunge;Barbell Step Back Lunge;Legs;Barbell;Squat;Intermediate;FatLoss|Definition|MuscleGain|Fitness;3;8;12;120;wger|legs|barbell|squat|quadriceps-femoris;
wger-1831-hammerstrength-decline-chest-press;Hammerstrength Decline Chest Press;Chest;Bodyweight;HorizontalPush;Intermediate;FatLoss|Definition|MuscleGain|Fitness;3;8;12;90;wger|chest|bodyweight|horizontalpush|pectoralis-major;
wger-1832-ring-support-hold;Ring Support Hold;Chest;Bodyweight;HorizontalPush;Intermediate;FatLoss|Definition|MuscleGain|Fitness;3;8;12;90;wger|chest|bodyweight|horizontalpush;
wger-1833-floor-glider-hamstring-curls;Floor Glider Hamstring Curls;Shoulders;Bodyweight;VerticalPush;Intermediate;FatLoss|Definition|MuscleGain|Fitness;3;8;12;90;wger|shoulders|bodyweight|verticalpush;
wger-1834-trap-3-raise;Trap-3 Raise;Back;none (bodyweight exercise);Pull;Intermediate;FatLoss|Definition|MuscleGain|Fitness;3;8;12;90;wger|back|none-bodyweight-exercise|pull|trapezius;
wger-1835-external-rotation-stretch;External Rotation Stretch;Shoulders;Barbell;VerticalPush;Intermediate;FatLoss|Definition|MuscleGain|Fitness;3;8;12;90;wger|shoulders|barbell|verticalpush|anterior-deltoid|trapezius;
wger-1838-banded-shoulder-drills;Banded Shoulder Drills;Shoulders;Resistance band;VerticalPush;Intermediate;FatLoss|Definition|MuscleGain|Fitness;3;8;12;90;wger|shoulders|resistance-band|verticalpush|anterior-deltoid|pectoralis-major|trapezius;
wger-1839-solo-hip-flexor-stretch;Solo Hip Flexor Stretch;Legs;none (bodyweight exercise);Squat;Intermediate;FatLoss|Definition|MuscleGain|Fitness;3;8;12;120;wger|legs|none-bodyweight-exercise|squat;
wger-1840-bent-leg-hamstring-stretch;Bent-Leg Hamstring Stretch;Legs;none (bodyweight exercise);Squat;Intermediate;FatLoss|Definition|MuscleGain|Fitness;3;8;12;120;wger|legs|none-bodyweight-exercise|squat;
wger-1841-seated-shoulder-extension-stretch;Seated Shoulder Extension Stretch;Shoulders;none (bodyweight exercise);VerticalPush;Intermediate;FatLoss|Definition|MuscleGain|Fitness;3;8;12;90;wger|shoulders|none-bodyweight-exercise|verticalpush|latissimus-dorsi|pectoralis-major;
wger-1846-horse-stance-side-splits;Horse Stance (Side Splits);Legs;none (bodyweight exercise);Squat;Intermediate;FatLoss|Definition|MuscleGain|Fitness;3;8;12;120;wger|legs|none-bodyweight-exercise|squat|gluteus-maximus;
wger-1854-calves-foam-roller;Calves foam roller;Legs;none (bodyweight exercise);Squat;Intermediate;FatLoss|Definition|MuscleGain|Fitness;3;8;12;120;wger|legs|none-bodyweight-exercise|squat|gastrocnemius;
wger-1855-hamstring-foam-roller;Hamstring Foam roller;Legs;none (bodyweight exercise);Squat;Intermediate;FatLoss|Definition|MuscleGain|Fitness;3;8;12;120;wger|legs|none-bodyweight-exercise|squat;
wger-1856-foam-roller-anterior-tibialis;Foam Roller Anterior tibialis;Legs;none (bodyweight exercise);Squat;Intermediate;FatLoss|Definition|MuscleGain|Fitness;3;8;12;120;wger|legs|none-bodyweight-exercise|squat;
wger-1857-foam-roller-iliotibial-band;Foam Roller Iliotibial band;Legs;none (bodyweight exercise);Squat;Intermediate;FatLoss|Definition|MuscleGain|Fitness;3;8;12;120;wger|legs|none-bodyweight-exercise|squat|quadriceps-femoris;
wger-1858-foam-roller-quadriceps;Foam Roller quadriceps;Legs;none (bodyweight exercise);Squat;Intermediate;FatLoss|Definition|MuscleGain|Fitness;3;8;12;120;wger|legs|none-bodyweight-exercise|squat|quadriceps-femoris;
wger-1859-foam-roller-gluteus;Foam Roller Gluteus;Legs;none (bodyweight exercise);Squat;Intermediate;FatLoss|Definition|MuscleGain|Fitness;3;8;12;120;wger|legs|none-bodyweight-exercise|squat|gluteus-maximus;
wger-1860-foam-roller-adductors;Foam Roller Adductors;Legs;none (bodyweight exercise);Squat;Intermediate;FatLoss|Definition|MuscleGain|Fitness;3;8;12;120;wger|legs|none-bodyweight-exercise|squat;
wger-1861-side-stretch;Side stretch;Back;Bodyweight;Pull;Intermediate;FatLoss|Definition|MuscleGain|Fitness;3;8;12;90;wger|back|bodyweight|pull;
wger-1862-hip-circles;Hip Circles;Legs;Bodyweight;Squat;Intermediate;FatLoss|Definition|MuscleGain|Fitness;3;8;12;120;wger|legs|bodyweight|squat;
wger-1863-hip-crossover;Hip Crossover;Legs;Bodyweight;Squat;Intermediate;FatLoss|Definition|MuscleGain|Fitness;3;8;12;120;wger|legs|bodyweight|squat;
wger-1864-ankle-roll;Ankle Roll;Legs;Bodyweight;Squat;Intermediate;FatLoss|Definition|MuscleGain|Fitness;3;8;12;120;wger|legs|bodyweight|squat;
wger-1865-banded-ankle-mobility;Banded Ankle Mobility;Legs;Bodyweight;Squat;Intermediate;FatLoss|Definition|MuscleGain|Fitness;3;8;12;120;wger|legs|bodyweight|squat;
wger-1867-hip-flexor-stretch;Hip Flexor Stretch;Legs;Bodyweight;Squat;Intermediate;FatLoss|Definition|MuscleGain|Fitness;3;8;12;120;wger|legs|bodyweight|squat;
wger-1868-lunge-with-twist-stretch;Lunge with Twist Stretch;Legs;Bodyweight;Squat;Intermediate;FatLoss|Definition|MuscleGain|Fitness;3;8;12;120;wger|legs|bodyweight|squat;
wger-1869-lying-figure-four-stretch;Lying Figure Four Stretch;Legs;Bodyweight;Squat;Intermediate;FatLoss|Definition|MuscleGain|Fitness;3;8;12;120;wger|legs|bodyweight|squat;
wger-1870-lying-hamstring-stretch-with-band;Lying Hamstring Stretch with Band;Legs;Bodyweight;Squat;Intermediate;FatLoss|Definition|MuscleGain|Fitness;3;8;12;120;wger|legs|bodyweight|squat;
wger-1871-lying-knee-to-chest-stretch;Lying Knee to Chest Stretch;Legs;Bodyweight;Squat;Intermediate;FatLoss|Definition|MuscleGain|Fitness;3;8;12;120;wger|legs|bodyweight|squat;
wger-1872-pigeon-stretch;Pigeon Stretch;Legs;Bodyweight;Squat;Intermediate;FatLoss|Definition|MuscleGain|Fitness;3;8;12;120;wger|legs|bodyweight|squat;
wger-1873-quad-stretch;Quad Stretch;Legs;Bodyweight;Squat;Intermediate;FatLoss|Definition|MuscleGain|Fitness;3;8;12;120;wger|legs|bodyweight|squat;
wger-1874-runners-lunge-stretch;Runners Lunge Stretch;Legs;Bodyweight;Squat;Intermediate;FatLoss|Definition|MuscleGain|Fitness;3;8;12;120;wger|legs|bodyweight|squat;
wger-1875-standing-it-band-stretch;Standing IT Band Stretch;Legs;Bodyweight;Squat;Intermediate;FatLoss|Definition|MuscleGain|Fitness;3;8;12;120;wger|legs|bodyweight|squat;
wger-1876-supported-calf-stretch;Supported Calf Stretch;Legs;Bodyweight;CalfRaise;Intermediate;FatLoss|Definition|MuscleGain|Fitness;3;12;15;75;wger|legs|bodyweight|calfraise;
wger-1877-banded-scapular-retraction;Banded Scapular Retraction;Back;Resistance band;Pull;Intermediate;FatLoss|Definition|MuscleGain|Fitness;3;8;12;90;wger|back|resistance-band|pull|anterior-deltoid|trapezius;
wger-1879-incline-db-y-raise;Incline DB Y-Raise;Shoulders;Dumbbell;VerticalPush;Intermediate;FatLoss|Definition|MuscleGain|Fitness;3;8;12;90;wger|shoulders|dumbbell|verticalpush|anterior-deltoid;
wger-1881-db-wrist-extension;DB Wrist Extension;Arms;Dumbbell;Isolation;Intermediate;FatLoss|Definition|MuscleGain|Fitness;3;12;15;75;wger|arms|dumbbell|isolation;
wger-1882-high-cable-lateral-raise;High-Cable Lateral Raise;Shoulders;Bodyweight;VerticalPush;Intermediate;FatLoss|Definition|MuscleGain|Fitness;3;8;12;90;wger|shoulders|bodyweight|verticalpush|anterior-deltoid;
wger-1883-machine-chest-press;Machine Chest Press;Chest;Bench;HorizontalPush;Intermediate;FatLoss|Definition|MuscleGain|Fitness;3;8;12;90;wger|chest|bench|horizontalpush|pectoralis-major;
wger-1776-suitcase-carry;Suitcase Carry;Core;Dumbbell;Core;Intermediate;FatLoss|Definition|MuscleGain|Fitness;3;12;20;60;wger|core|dumbbell;
wger-1801-barbell-full-squat;Barbell Full Squat;Legs;Barbell;Squat;Intermediate;FatLoss|Definition|MuscleGain|Fitness;3;8;12;120;wger|legs|barbell|squat|biceps-femoris|gluteus-maximus|quadriceps-femoris;
wger-1807-behind-the-back-cable-lateral-raise;Behind the Back Cable Lateral Raise;Shoulders;Bodyweight;VerticalPush;Intermediate;FatLoss|Definition|MuscleGain|Fitness;3;8;12;90;wger|shoulders|bodyweight|verticalpush|anterior-deltoid;
wger-1823-clamshell;Clamshell;Core;none (bodyweight exercise);Core;Intermediate;FatLoss|Definition|MuscleGain|Fitness;3;12;20;60;wger|core|none-bodyweight-exercise|gluteus-maximus|rectus-abdominis;
wger-1842-banded-clamshell;Banded Clamshell;Legs;Resistance band;Squat;Intermediate;FatLoss|Definition|MuscleGain|Fitness;3;8;12;120;wger|legs|resistance-band|squat|gluteus-maximus|rectus-abdominis;
wger-1397-standing-pancake-good-morning;Standing Pancake Good Morning;Legs;none (bodyweight exercise);Squat;Intermediate;FatLoss|Definition|MuscleGain|Fitness;3;8;12;120;wger|legs|none-bodyweight-exercise|squat|biceps-femoris;
wger-1845-seated-pancake-good-morning;Seated Pancake Good Morning;Legs;none (bodyweight exercise);Squat;Intermediate;FatLoss|Definition|MuscleGain|Fitness;3;8;12;120;wger|legs|none-bodyweight-exercise|squat|gluteus-maximus;
wger-1884-shinbox-ir-stretch;Shinbox IR Stretch;Legs;none (bodyweight exercise);Squat;Intermediate;FatLoss|Definition|MuscleGain|Fitness;3;8;12;120;wger|legs|none-bodyweight-exercise|squat|gluteus-maximus|obliquus-externus-abdominis;
wger-1885-ytwl-exercise;YTWL Exercise;Shoulders;Dumbbell;VerticalPush;Intermediate;FatLoss|Definition|MuscleGain|Fitness;3;8;12;90;wger|shoulders|dumbbell|verticalpush|anterior-deltoid|trapezius;
wger-1886-supine-hip-abduction;Supine Hip Abduction;Legs;Dumbbell;Squat;Intermediate;FatLoss|Definition|MuscleGain|Fitness;3;8;12;120;wger|legs|dumbbell|squat|gluteus-maximus|quadriceps-femoris;
wger-1939-neck-cars;Neck CARs;Shoulders;Bodyweight;VerticalPush;Intermediate;FatLoss|Definition|MuscleGain|Fitness;3;8;12;90;wger|shoulders|bodyweight|verticalpush;
wger-1943-neck-cars;Neck CARs;Shoulders;Bodyweight;VerticalPush;Intermediate;FatLoss|Definition|MuscleGain|Fitness;3;8;12;90;wger|shoulders|bodyweight|verticalpush;
wger-1947-dumbbell-snatch;dumbbell snatch;Legs;Dumbbell;Squat;Intermediate;FatLoss|Definition|MuscleGain|Fitness;3;8;12;120;wger|legs|dumbbell|squat|biceps-femoris|gluteus-maximus|quadriceps-femoris;
wger-1948-1-leg-box-squat;1 Leg Box Squat;Legs;none (bodyweight exercise);Squat;Intermediate;FatLoss|Definition|MuscleGain|Fitness;3;8;12;120;wger|legs|none-bodyweight-exercise|squat|biceps-femoris|quadriceps-femoris;
wger-1893-overhead-barbell-press;Overhead Barbell Press;Shoulders;Barbell;VerticalPush;Intermediate;FatLoss|Definition|MuscleGain|Fitness;3;8;12;90;wger|shoulders|barbell|verticalpush|anterior-deltoid;
wger-1949-limber-11;Limber 11;Legs;Bodyweight;Squat;Intermediate;FatLoss|Definition|MuscleGain|Fitness;3;8;12;120;wger|legs|bodyweight|squat;
wger-1950-foam-roll-it-band;Foam Roll IT Band;Legs;Bodyweight;Squat;Intermediate;FatLoss|Definition|MuscleGain|Fitness;3;8;12;120;wger|legs|bodyweight|squat;
wger-1953-bent-knee-iron-cross;Bent-knee Iron Cross;Legs;Bodyweight;Squat;Intermediate;FatLoss|Definition|MuscleGain|Fitness;3;8;12;120;wger|legs|bodyweight|squat;
wger-1897-close-grip-bench-press;Close-Grip Bench Press;Chest;Barbell;HorizontalPush;Intermediate;FatLoss|Definition|MuscleGain|Fitness;3;8;12;90;wger|chest|barbell|horizontalpush|triceps-brachii;
wger-1956-fire-hydrant-circles;Fire Hydrant Circles;Legs;Bodyweight;Squat;Intermediate;FatLoss|Definition|MuscleGain|Fitness;3;8;12;120;wger|legs|bodyweight|squat;
wger-1959-seated-piriformis-stretch;Seated Piriformis Stretch;Legs;Bodyweight;Squat;Intermediate;FatLoss|Definition|MuscleGain|Fitness;3;8;12;120;wger|legs|bodyweight|squat;
wger-1900-tricep-rope-pushdowns;Tricep Rope Pushdowns;Arms;Bodyweight;Isolation;Intermediate;FatLoss|Definition|MuscleGain|Fitness;3;12;15;75;wger|arms|bodyweight|isolation|triceps-brachii;
wger-1901-clean-and-press;Clean and Press;Shoulders;Barbell;VerticalPush;Intermediate;FatLoss|Definition|MuscleGain|Fitness;3;8;12;90;wger|shoulders|barbell|verticalpush|anterior-deltoid;
wger-1902-weighted-push-ups;Weighted push-ups;Chest;none (bodyweight exercise);HorizontalPush;Intermediate;FatLoss|Definition|MuscleGain|Fitness;3;8;12;90;wger|chest|none-bodyweight-exercise|horizontalpush|pectoralis-major;
wger-1903-walking-lunges;Walking Lunges;Legs;Resistance band;Squat;Intermediate;FatLoss|Definition|MuscleGain|Fitness;3;8;12;120;wger|legs|resistance-band|squat|quadriceps-femoris;
wger-1904-pec-deck;Pec Deck;Chest;Bodyweight;HorizontalPush;Intermediate;FatLoss|Definition|MuscleGain|Fitness;3;8;12;90;wger|chest|bodyweight|horizontalpush|pectoralis-major;
wger-1905-pullback;Pullback;Back;Bodyweight;Pull;Intermediate;FatLoss|Definition|MuscleGain|Fitness;3;8;12;90;wger|back|bodyweight|pull|biceps-brachii|latissimus-dorsi;
wger-1906-hip-bridge;Hip Bridge;Legs;none (bodyweight exercise);Squat;Intermediate;FatLoss|Definition|MuscleGain|Fitness;3;8;12;120;wger|legs|none-bodyweight-exercise|squat|gluteus-maximus|rectus-abdominis;
wger-1907-unilateral-lunges;Unilateral Lunges;Legs;none (bodyweight exercise);Squat;Intermediate;FatLoss|Definition|MuscleGain|Fitness;3;8;12;120;wger|legs|none-bodyweight-exercise|squat|gluteus-maximus|quadriceps-femoris;
wger-1908-butterfly-superman;Butterfly Superman;Back;none (bodyweight exercise);Pull;Intermediate;FatLoss|Definition|MuscleGain|Fitness;3;8;12;90;wger|back|none-bodyweight-exercise|pull|trapezius;
wger-1909-leg-wheel;Leg Wheel;Core;none (bodyweight exercise);Core;Intermediate;FatLoss|Definition|MuscleGain|Fitness;3;12;20;60;wger|core|none-bodyweight-exercise|rectus-abdominis;
wger-1910-kneeling-superman;Kneeling Superman;Back;none (bodyweight exercise);Pull;Intermediate;FatLoss|Definition|MuscleGain|Fitness;3;8;12;90;wger|back|none-bodyweight-exercise|pull|biceps-femoris|trapezius;
wger-1911-cat-plank;Cat Plank;Legs;none (bodyweight exercise);Squat;Intermediate;FatLoss|Definition|MuscleGain|Fitness;3;8;12;120;wger|legs|none-bodyweight-exercise|squat|quadriceps-femoris|rectus-abdominis;
wger-1912-core-rotation;Core Rotation;Core;none (bodyweight exercise);Core;Intermediate;FatLoss|Definition|MuscleGain|Fitness;3;12;20;60;wger|core|none-bodyweight-exercise|quadriceps-femoris|rectus-abdominis;
wger-1913-unilateral-hip-thrust;Unilateral Hip Thrust;Legs;none (bodyweight exercise);Squat;Intermediate;FatLoss|Definition|MuscleGain|Fitness;3;8;12;120;wger|legs|none-bodyweight-exercise|squat|gluteus-maximus;
wger-1914-isometria-alle-parallele;Isometria alle parallele;Shoulders;Bodyweight;VerticalPush;Intermediate;FatLoss|Definition|MuscleGain|Fitness;3;8;12;90;wger|shoulders|bodyweight|verticalpush|pectoralis-major|trapezius;
wger-1915-quadruped-hip-abduction;Quadruped Hip Abduction;Legs;Resistance band;CalfRaise;Intermediate;FatLoss|Definition|MuscleGain|Fitness;3;12;15;75;wger|legs|resistance-band|calfraise;
wger-1916-tuck-planche;Tuck planche;Shoulders;none (bodyweight exercise);VerticalPush;Intermediate;FatLoss|Definition|MuscleGain|Fitness;3;8;12;90;wger|shoulders|none-bodyweight-exercise|verticalpush|anterior-deltoid|rectus-abdominis|serratus-anterior;
wger-1918-legend-chest-press;Legend Chest Press;Chest;Bodyweight;HorizontalPush;Intermediate;FatLoss|Definition|MuscleGain|Fitness;3;8;12;90;wger|chest|bodyweight|horizontalpush;
wger-1919-extreme-pec-stretch;Extreme Pec Stretch;Chest;Bodyweight;HorizontalPush;Intermediate;FatLoss|Definition|MuscleGain|Fitness;3;8;12;90;wger|chest|bodyweight|horizontalpush;
wger-1920-extreme-shoulder-stretch;Extreme Shoulder Stretch;Shoulders;Bodyweight;VerticalPush;Intermediate;FatLoss|Definition|MuscleGain|Fitness;3;8;12;90;wger|shoulders|bodyweight|verticalpush;
wger-1921-extreme-lat-stretch;Extreme Lat Stretch;Back;Bodyweight;Pull;Intermediate;FatLoss|Definition|MuscleGain|Fitness;3;8;12;90;wger|back|bodyweight|pull;
wger-1922-seated-cable-chest-fly;Seated Cable chest fly;Chest;Bodyweight;HorizontalPush;Intermediate;FatLoss|Definition|MuscleGain|Fitness;3;8;12;90;wger|chest|bodyweight|horizontalpush|pectoralis-major;
wger-1924-3008-abdominal-crunch;3008 Abdominal Crunch;Core;Bodyweight;Core;Intermediate;FatLoss|Definition|MuscleGain|Fitness;3;12;20;60;wger|core|bodyweight|rectus-abdominis;
wger-1925-barbell-silverback-shrug;Barbell Silverback Shrug;Shoulders;Barbell;VerticalPush;Intermediate;FatLoss|Definition|MuscleGain|Fitness;3;8;12;90;wger|shoulders|barbell|verticalpush|trapezius;
wger-1927-inverted-lat-pull-down;Inverted Lat Pull Down;Back;Bodyweight;Pull;Intermediate;FatLoss|Definition|MuscleGain|Fitness;3;8;12;90;wger|back|bodyweight|pull|latissimus-dorsi|trapezius;
wger-1928-seated-v-grip-row;Seated V-Grip Row;Back;Resistance band;Pull;Intermediate;FatLoss|Definition|MuscleGain|Fitness;3;8;12;90;wger|back|resistance-band|pull|latissimus-dorsi|trapezius;
wger-1929-assisted-pull-up;Assisted Pull-Up;Back;Resistance band;Pull;Beginner;FatLoss|Definition|MuscleGain|Fitness;3;8;12;90;wger|back|resistance-band|pull|latissimus-dorsi|trapezius;
wger-1931-dumbbell-curl;Dumbbell Curl;Arms;Dumbbell;Isolation;Intermediate;FatLoss|Definition|MuscleGain|Fitness;3;12;15;75;wger|arms|dumbbell|isolation|biceps-brachii|brachialis;
wger-1933-abdominal-crunch;Abdominal Crunch;Core;Bodyweight;Core;Intermediate;FatLoss|Definition|MuscleGain|Fitness;3;12;20;60;wger|core|bodyweight|rectus-abdominis;
wger-1935-belt-squat;Belt Squat;Legs;Bodyweight;Squat;Intermediate;FatLoss|Definition|MuscleGain|Fitness;3;8;12;120;wger|legs|bodyweight|squat|gluteus-maximus|quadriceps-femoris;
wger-20-arnold-shoulder-press;Arnold Shoulder Press;Shoulders;Dumbbell;VerticalPush;Intermediate;FatLoss|Definition|MuscleGain|Fitness;3;8;12;90;wger|shoulders|dumbbell|verticalpush;
wger-43-barbell-hack-squats;Barbell Hack Squats;Legs;Barbell;Squat;Intermediate;FatLoss|Definition|MuscleGain|Fitness;3;8;12;120;wger|legs|barbell|squat;
wger-801-dumbbell-push-up;Dumbbell Push-Up;Chest;Dumbbell;HorizontalPush;Intermediate;FatLoss|Definition|MuscleGain|Fitness;3;8;12;90;wger|chest|dumbbell|horizontalpush;
wger-46-barbell-lunges-standing;Barbell Lunges Standing;Legs;Barbell;Squat;Intermediate;FatLoss|Definition|MuscleGain|Fitness;3;8;12;120;wger|legs|barbell|squat|quadriceps-femoris;
wger-802-barbell-lunges-walking;Barbell Lunges Walking;Legs;Barbell;Squat;Intermediate;FatLoss|Definition|MuscleGain|Fitness;3;8;12;120;wger|legs|barbell|squat;
wger-50-barbell-triceps-extension;Barbell Triceps Extension;Arms;Barbell;Isolation;Intermediate;FatLoss|Definition|MuscleGain|Fitness;3;12;15;75;wger|arms|barbell|isolation|triceps-brachii;
wger-48-barbell-reverse-wrist-curl;Barbell Reverse Wrist Curl;Arms;Barbell;Isolation;Intermediate;FatLoss|Definition|MuscleGain|Fitness;3;12;15;75;wger|arms|barbell|isolation;
wger-984-lunges;Lunges;Legs;none (bodyweight exercise);Squat;Intermediate;FatLoss|Definition|MuscleGain|Fitness;3;8;12;120;wger|legs|none-bodyweight-exercise|squat;
wger-986-side-split-squats-left;Side split squats left;Legs;none (bodyweight exercise);Squat;Intermediate;FatLoss|Definition|MuscleGain|Fitness;3;8;12;120;wger|legs|none-bodyweight-exercise|squat;
wger-987-side-split-squats-right;Side split squats right;Legs;none (bodyweight exercise);Squat;Intermediate;FatLoss|Definition|MuscleGain|Fitness;3;8;12;120;wger|legs|none-bodyweight-exercise|squat;
wger-988-bulgarian-split-squats-left;Bulgarian split squats left;Legs;none (bodyweight exercise);Squat;Intermediate;FatLoss|Definition|MuscleGain|Fitness;3;8;12;120;wger|legs|none-bodyweight-exercise|squat;
wger-989-bulgarian-split-squats-right;Bulgarian split squats right;Legs;none (bodyweight exercise);Squat;Intermediate;FatLoss|Definition|MuscleGain|Fitness;3;8;12;120;wger|legs|none-bodyweight-exercise|squat;
wger-991-split-squats-left;Split squats left;Legs;none (bodyweight exercise);Squat;Intermediate;FatLoss|Definition|MuscleGain|Fitness;3;8;12;120;wger|legs|none-bodyweight-exercise|squat;
wger-992-split-squats-right;Split squats right;Legs;none (bodyweight exercise);Squat;Intermediate;FatLoss|Definition|MuscleGain|Fitness;3;8;12;120;wger|legs|none-bodyweight-exercise|squat;
wger-994-forward-arm-circles;Forward arm circles;Arms;none (bodyweight exercise);Isolation;Intermediate;FatLoss|Definition|MuscleGain|Fitness;3;12;15;75;wger|arms|none-bodyweight-exercise|isolation;
wger-995-backward-arm-circles;Backward arm circles;Arms;none (bodyweight exercise);Isolation;Intermediate;FatLoss|Definition|MuscleGain|Fitness;3;12;15;75;wger|arms|none-bodyweight-exercise|isolation;
wger-999-reverse-lunges;Reverse lunges;Legs;none (bodyweight exercise);Squat;Intermediate;FatLoss|Definition|MuscleGain|Fitness;3;8;12;120;wger|legs|none-bodyweight-exercise|squat;
wger-1001-high-plank;High plank;Chest;none (bodyweight exercise);HorizontalPush;Intermediate;FatLoss|Definition|MuscleGain|Fitness;3;8;12;90;wger|chest|none-bodyweight-exercise|horizontalpush;
wger-92-biceps-curls-with-dumbbell;Biceps Curls With Dumbbell;Arms;Dumbbell;Isolation;Intermediate;FatLoss|Definition|MuscleGain|Fitness;3;12;15;75;wger|arms|dumbbell|isolation|biceps-brachii;
wger-83-bent-over-rowing;Bent Over Rowing;Back;Barbell;Pull;Intermediate;FatLoss|Definition|MuscleGain|Fitness;3;8;12;90;wger|back|barbell|pull|latissimus-dorsi;
wger-81-bent-over-dumbbell-rows;Bent Over Dumbbell Rows;Back;Bench;Pull;Intermediate;FatLoss|Definition|MuscleGain|Fitness;3;8;12;90;wger|back|bench|pull|latissimus-dorsi;
wger-94-biceps-curls-with-sz-bar;Biceps Curls With SZ-bar;Arms;Barbell;Isolation;Intermediate;FatLoss|Definition|MuscleGain|Fitness;3;12;15;75;wger|arms|barbell|isolation|biceps-brachii;
wger-82-bent-over-lateral-raises;Bent-over Lateral Raises;Shoulders;Bench;VerticalPush;Intermediate;FatLoss|Definition|MuscleGain|Fitness;3;8;12;90;wger|shoulders|bench|verticalpush;
wger-75-benchpress-dumbbells;Benchpress Dumbbells;Chest;Bench;HorizontalPush;Intermediate;FatLoss|Definition|MuscleGain|Fitness;3;8;12;90;wger|chest|bench|horizontalpush|pectoralis-major;
wger-91-biceps-curls-with-barbell;Biceps Curls With Barbell;Arms;Barbell;Isolation;Intermediate;FatLoss|Definition|MuscleGain|Fitness;3;12;15;75;wger|arms|barbell|isolation|biceps-brachii;
wger-1889-decline-bench-leg-raise;Decline Bench Leg Raise;Core;Bench;Core;Intermediate;FatLoss|Definition|MuscleGain|Fitness;3;12;20;60;wger|core|bench|rectus-abdominis;
wger-1936-cable-rear-delt-fly-single-arm;Cable Rear-Delt Fly (single arm);Shoulders;Bodyweight;VerticalPush;Intermediate;FatLoss|Definition|MuscleGain|Fitness;3;8;12;90;wger|shoulders|bodyweight|verticalpush;
wger-723-wide-grip-pulldown;Wide-grip Pulldown;Back;Bodyweight;Pull;Intermediate;FatLoss|Definition|MuscleGain|Fitness;3;8;12;90;wger|back|bodyweight|pull|latissimus-dorsi;
wger-73-bench-press;Bench Press;Chest;Barbell;HorizontalPush;Intermediate;FatLoss|Definition|MuscleGain|Fitness;3;8;12;90;wger|chest|barbell|horizontalpush|pectoralis-major;
wger-76-bench-press-narrow-grip;Bench Press Narrow Grip;Arms;Barbell;Isolation;Intermediate;FatLoss|Definition|MuscleGain|Fitness;3;12;15;75;wger|arms|barbell|isolation|triceps-brachii;
wger-95-biceps-curl-with-cable;Biceps Curl With Cable;Arms;Bodyweight;Isolation;Intermediate;FatLoss|Definition|MuscleGain|Fitness;3;12;15;75;wger|arms|bodyweight|isolation|biceps-brachii;
wger-803-one-arm-triceps-extensions-on-cable;One Arm Triceps Extensions on Cable;Arms;Bodyweight;Isolation;Advanced;FatLoss|Definition|MuscleGain|Fitness;3;12;15;75;wger|arms|bodyweight|isolation;
wger-71-single-leg-extension;Single Leg Extension;Legs;Bodyweight;Squat;Intermediate;FatLoss|Definition|MuscleGain|Fitness;3;8;12;120;wger|legs|bodyweight|squat|quadriceps-femoris;
wger-1004-forward-shoulder-rotation;Forward shoulder rotation;Back;none (bodyweight exercise);Pull;Intermediate;FatLoss|Definition|MuscleGain|Fitness;3;8;12;90;wger|back|none-bodyweight-exercise|pull;
wger-1005-backward-shoulder-rotation;Backward shoulder rotation;Back;none (bodyweight exercise);Pull;Intermediate;FatLoss|Definition|MuscleGain|Fitness;3;8;12;90;wger|back|none-bodyweight-exercise|pull;
wger-1008-left-neck-stretch;Left neck stretch;Shoulders;none (bodyweight exercise);VerticalPush;Intermediate;FatLoss|Definition|MuscleGain|Fitness;3;8;12;90;wger|shoulders|none-bodyweight-exercise|verticalpush;
wger-1009-right-neck-stretch;Right neck stretch;Shoulders;none (bodyweight exercise);VerticalPush;Intermediate;FatLoss|Definition|MuscleGain|Fitness;3;8;12;90;wger|shoulders|none-bodyweight-exercise|verticalpush;
wger-822-cable-rear-delt-fly;Cable Rear Delt Fly;Shoulders;Bodyweight;VerticalPush;Intermediate;FatLoss|Definition|MuscleGain|Fitness;3;8;12;90;wger|shoulders|bodyweight|verticalpush|anterior-deltoid|trapezius;
wger-12-seated-hip-adduction;Seated Hip Adduction;Legs;Bodyweight;Squat;Intermediate;FatLoss|Definition|MuscleGain|Fitness;3;8;12;120;wger|legs|bodyweight|squat|gluteus-maximus;
wger-56-abdominal-stabilization;Abdominal Stabilization;Core;Bodyweight;Core;Intermediate;FatLoss|Definition|MuscleGain|Fitness;3;12;20;60;wger|core|bodyweight|rectus-abdominis;
wger-1013-left-levator-scapulae-stretch;Left levator scapulae stretch;Back;none (bodyweight exercise);Pull;Intermediate;FatLoss|Definition|MuscleGain|Fitness;3;8;12;90;wger|back|none-bodyweight-exercise|pull;
wger-1014-right-levator-scapulae-stretch;Right levator scapulae stretch;Back;none (bodyweight exercise);Pull;Intermediate;FatLoss|Definition|MuscleGain|Fitness;3;8;12;90;wger|back|none-bodyweight-exercise|pull;
wger-1015-clockwise-neck-circles;Clockwise neck circles;Back;none (bodyweight exercise);Pull;Intermediate;FatLoss|Definition|MuscleGain|Fitness;3;8;12;90;wger|back|none-bodyweight-exercise|pull;
wger-1016-counterclockwise-neck-circles;Counterclockwise neck circles;Back;none (bodyweight exercise);Pull;Intermediate;FatLoss|Definition|MuscleGain|Fitness;3;8;12;90;wger|back|none-bodyweight-exercise|pull;
wger-1017-neck-half-circles;Neck half circles;Back;none (bodyweight exercise);Pull;Intermediate;FatLoss|Definition|MuscleGain|Fitness;3;8;12;90;wger|back|none-bodyweight-exercise|pull;
wger-1019-side-plank-right;Side plank right;Core;none (bodyweight exercise);Core;Intermediate;FatLoss|Definition|MuscleGain|Fitness;3;12;20;60;wger|core|none-bodyweight-exercise;
wger-1020-pistol-squats-right;Pistol squats right;Legs;none (bodyweight exercise);Squat;Advanced;FatLoss|Definition|MuscleGain|Fitness;4;6;10;120;wger|legs|none-bodyweight-exercise|squat;
wger-1021-calf-raises-right-leg;Calf raises, right leg;Legs;none (bodyweight exercise);CalfRaise;Intermediate;FatLoss|Definition|MuscleGain|Fitness;3;12;15;75;wger|legs|none-bodyweight-exercise|calfraise;
wger-265-glute-bridge;Glute Bridge;Legs;Bodyweight;Squat;Intermediate;FatLoss|Definition|MuscleGain|Fitness;3;8;12;120;wger|legs|bodyweight|squat|gluteus-maximus;
wger-158-close-grip-lat-pull-down;Close-grip Lat Pull Down;Back;Bodyweight;Pull;Intermediate;FatLoss|Definition|MuscleGain|Fitness;3;8;12;90;wger|back|bodyweight|pull|latissimus-dorsi;
wger-124-braced-squat;Braced Squat;Legs;Bodyweight;Squat;Intermediate;FatLoss|Definition|MuscleGain|Fitness;3;8;12;120;wger|legs|bodyweight|squat|quadriceps-femoris;
wger-51-barbell-wrist-curl;Barbell Wrist Curl;Arms;Barbell;Isolation;Intermediate;FatLoss|Definition|MuscleGain|Fitness;3;12;15;75;wger|arms|barbell|isolation|anterior-deltoid|biceps-femoris;
wger-146-calf-press-using-leg-press-machine;Calf Press Using Leg Press Machine;Legs;Bodyweight;CalfRaise;Intermediate;FatLoss|Definition|MuscleGain|Fitness;3;12;15;75;wger|legs|bodyweight|calfraise|gastrocnemius|soleus;
wger-148-calf-raises-on-hackenschmitt-machine;Calf Raises on Hackenschmitt Machine;Legs;Bodyweight;CalfRaise;Intermediate;FatLoss|Definition|MuscleGain|Fitness;3;12;15;75;wger|legs|bodyweight|calfraise|gastrocnemius;
wger-137-butterfly-narrow-grip;Butterfly Narrow Grip;Chest;Bodyweight;HorizontalPush;Intermediate;FatLoss|Definition|MuscleGain|Fitness;3;8;12;90;wger|chest|bodyweight|horizontalpush|pectoralis-major;
wger-165-ball-crunches;Ball crunches;Core;Bodyweight;Core;Intermediate;FatLoss|Definition|MuscleGain|Fitness;3;12;20;60;wger|core|bodyweight;
wger-135-butterfly;Butterfly;Chest;Bodyweight;HorizontalPush;Intermediate;FatLoss|Definition|MuscleGain|Fitness;3;8;12;90;wger|chest|bodyweight|horizontalpush|pectoralis-major;
wger-172-crunches-on-machine;Crunches on Machine;Core;Bodyweight;Core;Intermediate;FatLoss|Definition|MuscleGain|Fitness;3;12;20;60;wger|core|bodyweight|rectus-abdominis;
wger-171-incline-crunches;Incline Crunches;Core;Bench;Core;Intermediate;FatLoss|Definition|MuscleGain|Fitness;3;12;20;60;wger|core|bench|rectus-abdominis;
wger-139-butterfly-reverse;Butterfly Reverse;Shoulders;Bodyweight;VerticalPush;Intermediate;FatLoss|Definition|MuscleGain|Fitness;3;8;12;90;wger|shoulders|bodyweight|verticalpush|anterior-deltoid;
wger-167-crunches;Crunches;Core;Bodyweight;Core;Intermediate;FatLoss|Definition|MuscleGain|Fitness;3;12;20;60;wger|core|bodyweight|rectus-abdominis;
wger-174-crunches-with-legs-up;Crunches With Legs Up;Core;Bodyweight;Core;Intermediate;FatLoss|Definition|MuscleGain|Fitness;3;12;20;60;wger|core|bodyweight|rectus-abdominis;
wger-189-deficit-deadlift;Deficit Deadlift;Back;Barbell;Pull;Intermediate;FatLoss|Definition|MuscleGain|Fitness;3;8;12;90;wger|back|barbell|pull;
wger-235-flutter-kicks;Flutter Kicks;Core;Bodyweight;Core;Intermediate;FatLoss|Definition|MuscleGain|Fitness;3;12;20;60;wger|core|bodyweight|obliquus-externus-abdominis|rectus-abdominis;
wger-184-deadlifts;Deadlifts;Back;Barbell;Pull;Intermediate;FatLoss|Definition|MuscleGain|Fitness;3;8;12;90;wger|back|barbell|pull|latissimus-dorsi;
wger-193-diagonal-shoulder-press;Diagonal Shoulder Press;Shoulders;Bench;VerticalPush;Intermediate;FatLoss|Definition|MuscleGain|Fitness;3;8;12;90;wger|shoulders|bench|verticalpush;
wger-203-dumbbell-goblet-squat;Dumbbell Goblet Squat;Legs;Dumbbell;Squat;Intermediate;FatLoss|Definition|MuscleGain|Fitness;3;8;12;120;wger|legs|dumbbell|squat|quadriceps-femoris;
wger-185-decline-bench-press-barbell;Decline Bench Press Barbell;Chest;Barbell;HorizontalPush;Intermediate;FatLoss|Definition|MuscleGain|Fitness;3;8;12;90;wger|chest|barbell|horizontalpush|pectoralis-major;
wger-186-decline-bench-press-dumbbell;Decline Bench Press Dumbbell;Chest;Dumbbell;HorizontalPush;Intermediate;FatLoss|Definition|MuscleGain|Fitness;3;8;12;90;wger|chest|dumbbell|horizontalpush|pectoralis-major;
wger-205-dumbbell-lunges-standing;Dumbbell Lunges Standing;Legs;Dumbbell;Squat;Intermediate;FatLoss|Definition|MuscleGain|Fitness;3;8;12;120;wger|legs|dumbbell|squat|quadriceps-femoris;
wger-188-decline-pushups;Decline Pushups;Chest;none (bodyweight exercise);HorizontalPush;Intermediate;FatLoss|Definition|MuscleGain|Fitness;3;8;12;90;wger|chest|none-bodyweight-exercise|horizontalpush|pectoralis-major;
wger-237-fly-with-cable;Fly With Cable;Chest;Bodyweight;HorizontalPush;Intermediate;FatLoss|Definition|MuscleGain|Fitness;3;8;12;90;wger|chest|bodyweight|horizontalpush|pectoralis-major;
wger-206-dumbbell-lunges-walking;Dumbbell Lunges Walking;Legs;Dumbbell;Squat;Intermediate;FatLoss|Definition|MuscleGain|Fitness;3;8;12;120;wger|legs|dumbbell|squat|quadriceps-femoris;
wger-239-fly-with-dumbbells-decline-bench;Fly With Dumbbells, Decline Bench;Chest;Dumbbell;HorizontalPush;Intermediate;FatLoss|Definition|MuscleGain|Fitness;3;8;12;90;wger|chest|dumbbell|horizontalpush|pectoralis-major;
wger-238-fly-with-dumbbells;Fly With Dumbbells;Chest;Dumbbell;HorizontalPush;Intermediate;FatLoss|Definition|MuscleGain|Fitness;3;8;12;90;wger|chest|dumbbell|horizontalpush|pectoralis-major;
wger-204-dumbbell-incline-curl;Dumbbell Incline Curl;Arms;Dumbbell;Isolation;Intermediate;FatLoss|Definition|MuscleGain|Fitness;3;12;15;75;wger|arms|dumbbell|isolation|biceps-brachii;
wger-211-dumbbell-triceps-extension;Dumbbell Triceps Extension;Arms;Dumbbell;Isolation;Intermediate;FatLoss|Definition|MuscleGain|Fitness;3;12;15;75;wger|arms|dumbbell|isolation|triceps-brachii;
wger-194-dips;Dips;Chest;none (bodyweight exercise);HorizontalPush;Intermediate;FatLoss|Definition|MuscleGain|Fitness;3;8;12;90;wger|chest|none-bodyweight-exercise|horizontalpush|pectoralis-major|triceps-brachii;
wger-197-dips-between-two-benches;Dips Between Two Benches;Arms;Bench;Isolation;Intermediate;FatLoss|Definition|MuscleGain|Fitness;3;12;15;75;wger|arms|bench|isolation|triceps-brachii;
wger-254-front-raises-with-plates;Front Raises with Plates;Shoulders;Bodyweight;VerticalPush;Intermediate;FatLoss|Definition|MuscleGain|Fitness;3;8;12;90;wger|shoulders|bodyweight|verticalpush|anterior-deltoid|trapezius;
wger-283-hanging-leg-raises;Hanging Leg Raises;Core;Bodyweight;Core;Intermediate;FatLoss|Definition|MuscleGain|Fitness;3;12;20;60;wger|core|bodyweight|rectus-abdominis;
wger-256-front-raises;Front Raises;Shoulders;Barbell;VerticalPush;Intermediate;FatLoss|Definition|MuscleGain|Fitness;3;8;12;90;wger|shoulders|barbell|verticalpush|anterior-deltoid;
wger-291-hindu-squats;Hindu Squats;Legs;Bodyweight;Squat;Intermediate;FatLoss|Definition|MuscleGain|Fitness;3;8;12;120;wger|legs|bodyweight|squat|quadriceps-femoris;
wger-257-front-squats;Front Squats;Legs;Barbell;Squat;Intermediate;FatLoss|Definition|MuscleGain|Fitness;3;8;12;120;wger|legs|barbell|squat|gluteus-maximus;
wger-275-hammercurls-on-cable;Hammercurls on Cable;Arms;Bodyweight;Isolation;Intermediate;FatLoss|Definition|MuscleGain|Fitness;3;12;15;75;wger|arms|bodyweight|isolation|biceps-brachii;
wger-272-hammer-curls;Hammer Curls;Arms;Dumbbell;Isolation;Intermediate;FatLoss|Definition|MuscleGain|Fitness;3;12;15;75;wger|arms|dumbbell|isolation|biceps-brachii;
wger-245-skullcrusher-dumbbells;Skullcrusher Dumbbells;Arms;Bench;Isolation;Intermediate;FatLoss|Definition|MuscleGain|Fitness;3;12;15;75;wger|arms|bench|isolation|triceps-brachii;
wger-246-skullcrusher-sz-bar;Skullcrusher SZ-bar;Arms;Bench;Isolation;Intermediate;FatLoss|Definition|MuscleGain|Fitness;3;12;15;75;wger|arms|bench|isolation|triceps-brachii;
wger-259-front-pull-narrow;Front Pull narrow;Back;Barbell;Pull;Intermediate;FatLoss|Definition|MuscleGain|Fitness;3;8;12;90;wger|back|barbell|pull|latissimus-dorsi;
wger-258-front-pull-wide;Front pull wide;Back;Barbell;Pull;Intermediate;FatLoss|Definition|MuscleGain|Fitness;3;8;12;90;wger|back|barbell|pull|latissimus-dorsi;
wger-282-handstand-pushup;Handstand Pushup;Shoulders;none (bodyweight exercise);VerticalPush;Intermediate;FatLoss|Definition|MuscleGain|Fitness;3;8;12;90;wger|shoulders|none-bodyweight-exercise|verticalpush|trapezius|triceps-brachii;
wger-365-leg-curls-laying;Leg Curls (laying);Legs;Bodyweight;Squat;Intermediate;FatLoss|Definition|MuscleGain|Fitness;3;8;12;120;wger|legs|bodyweight|squat|biceps-femoris;
wger-354-lat-pull-down-leaning-back;Lat Pull Down (Leaning Back);Back;Bodyweight;Pull;Intermediate;FatLoss|Definition|MuscleGain|Fitness;3;8;12;90;wger|back|bodyweight|pull|latissimus-dorsi;
wger-355-lat-pull-down-straight-back;Lat Pull Down (Straight Back);Back;Bodyweight;Pull;Intermediate;FatLoss|Definition|MuscleGain|Fitness;3;8;12;90;wger|back|bodyweight|pull|latissimus-dorsi;
wger-366-leg-curls-sitting;Leg Curls (sitting);Legs;Bodyweight;Squat;Intermediate;FatLoss|Definition|MuscleGain|Fitness;3;8;12;120;wger|legs|bodyweight|squat|biceps-femoris;
wger-349-lateral-rows-on-cable-one-armed;Lateral Rows on Cable, One Armed;Shoulders;Bodyweight;VerticalPush;Advanced;FatLoss|Definition|MuscleGain|Fitness;4;6;10;120;wger|shoulders|bodyweight|verticalpush|anterior-deltoid;
wger-348-lateral-raises;Lateral Raises;Shoulders;Dumbbell;VerticalPush;Intermediate;FatLoss|Definition|MuscleGain|Fitness;3;8;12;90;wger|shoulders|dumbbell|verticalpush|anterior-deltoid;
wger-364-leg-curl;Leg Curl;Legs;Bodyweight;Squat;Intermediate;FatLoss|Definition|MuscleGain|Fitness;3;8;12;120;wger|legs|bodyweight|squat|biceps-femoris|gluteus-maximus;
wger-351-lateral-to-front-raises;Lateral-to-Front Raises;Shoulders;Dumbbell;VerticalPush;Intermediate;FatLoss|Definition|MuscleGain|Fitness;3;8;12;90;wger|shoulders|dumbbell|verticalpush|anterior-deltoid|trapezius;
wger-313-incline-push-up;Incline Push up;Chest;Bodyweight;HorizontalPush;Intermediate;FatLoss|Definition|MuscleGain|Fitness;3;8;12;90;wger|chest|bodyweight|horizontalpush|pectoralis-major;
wger-341-squats-on-multipress;Squats on Multipress;Legs;Bodyweight;Squat;Intermediate;FatLoss|Definition|MuscleGain|Fitness;3;8;12;120;wger|legs|bodyweight|squat|quadriceps-femoris;
wger-308-incline-dumbbell-fly;Incline Dumbbell Fly;Chest;Dumbbell;HorizontalPush;Intermediate;FatLoss|Definition|MuscleGain|Fitness;3;8;12;90;wger|chest|dumbbell|horizontalpush|pectoralis-major;
wger-312-incline-plank-with-alternate-floor-touch;Incline Plank With Alternate Floor Touch;Core;Bodyweight;Core;Intermediate;FatLoss|Definition|MuscleGain|Fitness;3;12;20;60;wger|core|bodyweight|rectus-abdominis;
wger-331-kettlebell-swings;Kettlebell Swings;Legs;Kettlebell;Squat;Intermediate;FatLoss|Definition|MuscleGain|Fitness;3;8;12;120;wger|legs|kettlebell|squat|gluteus-maximus;
wger-380-leverage-machine-iso-row;Leverage Machine Iso Row;Back;Bodyweight;Pull;Intermediate;FatLoss|Definition|MuscleGain|Fitness;3;8;12;90;wger|back|bodyweight|pull|latissimus-dorsi;
wger-427-negative-crunches;Negative Crunches;Core;Bodyweight;Core;Intermediate;FatLoss|Definition|MuscleGain|Fitness;3;12;20;60;wger|core|bodyweight|rectus-abdominis;
wger-418-military-press-mit-sz-bar;Military Press mit SZ-Bar;Shoulders;Barbell;VerticalPush;Intermediate;FatLoss|Definition|MuscleGain|Fitness;3;8;12;90;wger|shoulders|barbell|verticalpush;
wger-386-diamond-push-ups;Diamond push ups;Chest;none (bodyweight exercise);HorizontalPush;Intermediate;FatLoss|Definition|MuscleGain|Fitness;3;8;12;90;wger|chest|none-bodyweight-exercise|horizontalpush|pectoralis-major;
wger-378-leg-raises-standing;Leg Raises, Standing;Core;Bodyweight;Core;Intermediate;FatLoss|Definition|MuscleGain|Fitness;3;12;20;60;wger|core|bodyweight|rectus-abdominis;
wger-379-leverage-machine-chest-press;Leverage Machine Chest Press;Chest;Bodyweight;HorizontalPush;Intermediate;FatLoss|Definition|MuscleGain|Fitness;3;8;12;90;wger|chest|bodyweight|horizontalpush|pectoralis-major;
wger-377-leg-raises-lying;Leg Raises, Lying;Core;Bodyweight;Core;Intermediate;FatLoss|Definition|MuscleGain|Fitness;3;12;20;60;wger|core|bodyweight|rectus-abdominis;
wger-376-leg-raise;Leg Raise;Legs;Bodyweight;Squat;Intermediate;FatLoss|Definition|MuscleGain|Fitness;3;8;12;120;wger|legs|bodyweight|squat|obliquus-externus-abdominis|rectus-abdominis;
wger-397-low-box-squat-wide-stance;Low Box Squat - Wide Stance;Legs;Barbell;Squat;Intermediate;FatLoss|Definition|MuscleGain|Fitness;3;8;12;120;wger|legs|barbell|squat|gluteus-maximus|quadriceps-femoris;
wger-367-leg-curls-standing;Leg Curls (standing);Legs;Bodyweight;Squat;Intermediate;FatLoss|Definition|MuscleGain|Fitness;3;8;12;120;wger|legs|bodyweight|squat|biceps-femoris;
wger-375-leg-press-on-hackenschmidt-machine;Leg Press on Hackenschmidt Machine;Legs;Bodyweight;Squat;Intermediate;FatLoss|Definition|MuscleGain|Fitness;3;8;12;120;wger|legs|bodyweight|squat|quadriceps-femoris;
wger-373-leg-presses-narrow;Leg Presses (narrow);Legs;Bodyweight;Squat;Intermediate;FatLoss|Definition|MuscleGain|Fitness;3;8;12;120;wger|legs|bodyweight|squat|quadriceps-femoris;
wger-374-leg-presses-wide;Leg Presses (wide);Legs;Bodyweight;Squat;Intermediate;FatLoss|Definition|MuscleGain|Fitness;3;8;12;120;wger|legs|bodyweight|squat|quadriceps-femoris;
wger-371-leg-press;Leg Press;Legs;Bodyweight;Squat;Intermediate;FatLoss|Definition|MuscleGain|Fitness;3;8;12;120;wger|legs|bodyweight|squat|biceps-femoris|gastrocnemius|gluteus-maximus;
wger-448-pendelay-rows;Pendelay Rows;Back;Barbell;Pull;Intermediate;FatLoss|Definition|MuscleGain|Fitness;3;8;12;90;wger|back|barbell|pull|latissimus-dorsi|trapezius;
wger-484-rack-deadlift;Rack Deadlift;Back;Bodyweight;Pull;Intermediate;FatLoss|Definition|MuscleGain|Fitness;3;8;12;90;wger|back|bodyweight|pull|gluteus-maximus;
wger-478-push-press;Push Press;Shoulders;Bodyweight;VerticalPush;Intermediate;FatLoss|Definition|MuscleGain|Fitness;3;8;12;90;wger|shoulders|bodyweight|verticalpush|trapezius;
wger-445-pause-bench;Pause Bench;Chest;Barbell;HorizontalPush;Intermediate;FatLoss|Definition|MuscleGain|Fitness;3;8;12;90;wger|chest|barbell|horizontalpush|pectoralis-major;
wger-465-preacher-curls;Preacher Curls;Arms;Barbell;Isolation;Intermediate;FatLoss|Definition|MuscleGain|Fitness;3;12;15;75;wger|arms|barbell|isolation|brachialis;
wger-487-rear-delt-raises;Rear Delt Raises;Shoulders;Dumbbell;VerticalPush;Intermediate;FatLoss|Definition|MuscleGain|Fitness;3;8;12;90;wger|shoulders|dumbbell|verticalpush;
wger-456-pistol-squat;Pistol Squat;Legs;Bodyweight;Squat;Advanced;FatLoss|Definition|MuscleGain|Fitness;4;6;10;120;wger|legs|bodyweight|squat|biceps-femoris|gluteus-maximus;
wger-477-pull-ups-on-machine;Pull Ups on Machine;Back;Bodyweight;Pull;Intermediate;FatLoss|Definition|MuscleGain|Fitness;3;8;12;90;wger|back|bodyweight|pull|latissimus-dorsi;
wger-475-pull-ups;Pull-ups;Back;Bodyweight;Pull;Intermediate;FatLoss|Definition|MuscleGain|Fitness;3;8;12;90;wger|back|bodyweight|pull|latissimus-dorsi;
wger-458-plank;Plank;Core;none (bodyweight exercise);Core;Intermediate;FatLoss|Definition|MuscleGain|Fitness;3;12;20;60;wger|core|none-bodyweight-exercise|obliquus-externus-abdominis|rectus-abdominis;
wger-545-scissors;Scissors;Core;Bodyweight;Core;Intermediate;FatLoss|Definition|MuscleGain|Fitness;3;12;20;60;wger|core|bodyweight|rectus-abdominis;
wger-512-rowing-seated-narrow-grip;Rowing seated, narrow grip;Back;Bodyweight;Pull;Intermediate;FatLoss|Definition|MuscleGain|Fitness;3;8;12;90;wger|back|bodyweight|pull|latissimus-dorsi;
wger-493-reverse-bar-curl;Reverse Bar Curl;Arms;Barbell;Isolation;Intermediate;FatLoss|Definition|MuscleGain|Fitness;3;12;15;75;wger|arms|barbell|isolation|biceps-brachii;
wger-490-renegade-row;Renegade Row;Back;Dumbbell;Pull;Intermediate;FatLoss|Definition|MuscleGain|Fitness;3;8;12;90;wger|back|dumbbell|pull|latissimus-dorsi|trapezius;
wger-513-rowing-t-bar;Rowing, T-bar;Back;Bodyweight;Pull;Intermediate;FatLoss|Definition|MuscleGain|Fitness;3;8;12;90;wger|back|bodyweight|pull|latissimus-dorsi;
wger-549-seated-triceps-press;Seated Triceps Press;Arms;Bench;Isolation;Intermediate;FatLoss|Definition|MuscleGain|Fitness;3;12;15;75;wger|arms|bench|isolation|triceps-brachii;
wger-508-row;Row;Back;Barbell;Pull;Intermediate;FatLoss|Definition|MuscleGain|Fitness;3;8;12;90;wger|back|barbell|pull|latissimus-dorsi|trapezius;
wger-510-rowing-lying-on-bench;Rowing, Lying on Bench;Back;Bodyweight;Pull;Intermediate;FatLoss|Definition|MuscleGain|Fitness;3;8;12;90;wger|back|bodyweight|pull|latissimus-dorsi;
wger-501-ring-dips;Ring Dips;Arms;Bodyweight;Isolation;Intermediate;FatLoss|Definition|MuscleGain|Fitness;3;12;15;75;wger|arms|bodyweight|isolation|triceps-brachii;
wger-507-romanian-deadlift;Romanian Deadlift;Legs;Barbell;Squat;Intermediate;FatLoss|Definition|MuscleGain|Fitness;3;8;12;120;wger|legs|barbell|squat;
wger-543-shoulder-press-on-machine;Shoulder Press, on Machine;Shoulders;Bodyweight;VerticalPush;Intermediate;FatLoss|Definition|MuscleGain|Fitness;3;8;12;90;wger|shoulders|bodyweight|verticalpush|anterior-deltoid;
wger-498-reverse-grip-bench-press;Reverse Grip Bench Press;Chest;Barbell;HorizontalPush;Intermediate;FatLoss|Definition|MuscleGain|Fitness;3;8;12;90;wger|chest|barbell|horizontalpush|pectoralis-major|triceps-brachii;
wger-529-run-interval-training;Run - Interval Training;Other;Bodyweight;Bodyweight;Intermediate;FatLoss|Definition|MuscleGain|Fitness;3;8;12;90;wger|other|bodyweight;
wger-538-incline-bench-press-barbell;Incline Bench Press - Barbell;Chest;Barbell;HorizontalPush;Intermediate;FatLoss|Definition|MuscleGain|Fitness;3;8;12;90;wger|chest|barbell|horizontalpush|pectoralis-major;
wger-562-shotgun-row;Shotgun Row;Back;Bodyweight;Pull;Intermediate;FatLoss|Definition|MuscleGain|Fitness;3;8;12;90;wger|back|bodyweight|pull|latissimus-dorsi;
wger-607-splinter-sit-ups;Splinter Sit-ups;Core;Bodyweight;Core;Intermediate;FatLoss|Definition|MuscleGain|Fitness;3;12;20;60;wger|core|bodyweight|obliquus-externus-abdominis;
wger-604-speed-deadlift;Speed Deadlift;Legs;Bodyweight;Squat;Intermediate;FatLoss|Definition|MuscleGain|Fitness;3;8;12;120;wger|legs|bodyweight|squat;
wger-569-shoulder-press-on-multi-press;Shoulder Press, on Multi Press;Shoulders;Bodyweight;VerticalPush;Intermediate;FatLoss|Definition|MuscleGain|Fitness;3;8;12;90;wger|shoulders|bodyweight|verticalpush|anterior-deltoid;
wger-591-sit-ups;Sit-ups;Core;Bodyweight;Core;Intermediate;FatLoss|Definition|MuscleGain|Fitness;3;12;20;60;wger|core|bodyweight|rectus-abdominis;
wger-567-shoulder-press-dumbbells;Shoulder Press, Dumbbells;Shoulders;Dumbbell;VerticalPush;Intermediate;FatLoss|Definition|MuscleGain|Fitness;3;8;12;90;wger|shoulders|dumbbell|verticalpush|anterior-deltoid;
wger-566-shoulder-press-barbell;Shoulder Press, Barbell;Shoulders;Barbell;VerticalPush;Intermediate;FatLoss|Definition|MuscleGain|Fitness;3;8;12;90;wger|shoulders|barbell|verticalpush|anterior-deltoid;
wger-584-single-arm-preacher-curl;Single-arm Preacher Curl;Arms;Dumbbell;Isolation;Intermediate;FatLoss|Definition|MuscleGain|Fitness;3;12;15;75;wger|arms|dumbbell|isolation|biceps-brachii;
wger-590-sitting-calf-raises;Sitting Calf Raises;Legs;Bodyweight;CalfRaise;Intermediate;FatLoss|Definition|MuscleGain|Fitness;3;12;15;75;wger|legs|bodyweight|calfraise|soleus;
wger-583-side-to-side-push-ups;Side to Side Push Ups;Chest;Bodyweight;HorizontalPush;Intermediate;FatLoss|Definition|MuscleGain|Fitness;3;8;12;90;wger|chest|bodyweight|horizontalpush|anterior-deltoid|obliquus-externus-abdominis|pectoralis-major;
wger-598-smith-machine-close-grip-bench-press;Smith Machine Close-grip Bench Press;Arms;Bodyweight;Isolation;Intermediate;FatLoss|Definition|MuscleGain|Fitness;3;12;15;75;wger|arms|bodyweight|isolation|triceps-brachii;
wger-576-side-crunch;Side Crunch;Core;Bodyweight;Core;Intermediate;FatLoss|Definition|MuscleGain|Fitness;3;12;20;60;wger|core|bodyweight|obliquus-externus-abdominis;
wger-571-shrugs-barbells;Shrugs, Barbells;Shoulders;Barbell;VerticalPush;Intermediate;FatLoss|Definition|MuscleGain|Fitness;3;8;12;90;wger|shoulders|barbell|verticalpush|anterior-deltoid;
wger-575-shrugs-on-multipress;Shrugs on Multipress;Shoulders;Bodyweight;VerticalPush;Intermediate;FatLoss|Definition|MuscleGain|Fitness;3;8;12;90;wger|shoulders|bodyweight|verticalpush|anterior-deltoid;
wger-572-shrugs-dumbbells;Shrugs, Dumbbells;Shoulders;Dumbbell;VerticalPush;Intermediate;FatLoss|Definition|MuscleGain|Fitness;3;8;12;90;wger|shoulders|dumbbell|verticalpush|anterior-deltoid;
wger-570-shoulder-shrug;Shoulder Shrug;Shoulders;none (bodyweight exercise);VerticalPush;Intermediate;FatLoss|Definition|MuscleGain|Fitness;3;8;12;90;wger|shoulders|none-bodyweight-exercise|verticalpush|trapezius;
wger-580-side-plank;Side Plank;Core;none (bodyweight exercise);Core;Intermediate;FatLoss|Definition|MuscleGain|Fitness;3;12;20;60;wger|core|none-bodyweight-exercise|rectus-abdominis;
wger-628-straight-arm-pull-down-bar-attachment;Straight-arm Pull Down (bar Attachment);Back;Bodyweight;Pull;Intermediate;FatLoss|Definition|MuscleGain|Fitness;3;8;12;90;wger|back|bodyweight|pull|latissimus-dorsi;
wger-632-sumo-squats;Sumo Squats;Legs;none (bodyweight exercise);Squat;Intermediate;FatLoss|Definition|MuscleGain|Fitness;3;8;12;120;wger|legs|none-bodyweight-exercise|squat|gluteus-maximus|quadriceps-femoris;
wger-629-straight-arm-pull-down-rope-attachment;Straight-arm Pull Down (rope Attachment);Back;Bodyweight;Pull;Intermediate;FatLoss|Definition|MuscleGain|Fitness;3;8;12;90;wger|back|bodyweight|pull|latissimus-dorsi;
wger-630-sumo-deadlift;Sumo Deadlift;Legs;Bodyweight;Squat;Intermediate;FatLoss|Definition|MuscleGain|Fitness;3;8;12;120;wger|legs|bodyweight|squat|quadriceps-femoris;
wger-616-squat-thrust;Squat Thrust;Legs;none (bodyweight exercise);Squat;Intermediate;FatLoss|Definition|MuscleGain|Fitness;3;8;12;120;wger|legs|none-bodyweight-exercise|squat|gluteus-maximus|quadriceps-femoris|rectus-abdominis;
wger-627-stiff-legged-deadlifts;Stiff-legged Deadlifts;Legs;Barbell;Squat;Intermediate;FatLoss|Definition|MuscleGain|Fitness;3;8;12;120;wger|legs|barbell|squat|biceps-femoris;
wger-622-standing-calf-raises;Standing Calf Raises;Legs;Bodyweight;CalfRaise;Intermediate;FatLoss|Definition|MuscleGain|Fitness;3;12;15;75;wger|legs|bodyweight|calfraise|gastrocnemius;
wger-614-squat-jumps;Squat Jumps;Legs;Bodyweight;Squat;Intermediate;FatLoss|Definition|MuscleGain|Fitness;3;8;12;120;wger|legs|bodyweight|squat|quadriceps-femoris;
wger-615-squats;Squats;Legs;Barbell;Squat;Intermediate;FatLoss|Definition|MuscleGain|Fitness;3;8;12;120;wger|legs|barbell|squat|quadriceps-femoris;
wger-621-standing-bicep-curl;Standing Bicep Curl;Arms;Dumbbell;Isolation;Intermediate;FatLoss|Definition|MuscleGain|Fitness;3;12;15;75;wger|arms|dumbbell|isolation|biceps-brachii|brachialis;
wger-660-triceps-extensions-on-cable-with-bar;Triceps Extensions on Cable With Bar;Arms;Bodyweight;Isolation;Intermediate;FatLoss|Definition|MuscleGain|Fitness;3;12;15;75;wger|arms|bodyweight|isolation|triceps-brachii;
wger-711-wall-handstand;Wall Handstand;Shoulders;none (bodyweight exercise);VerticalPush;Intermediate;FatLoss|Definition|MuscleGain|Fitness;3;8;12;90;wger|shoulders|none-bodyweight-exercise|verticalpush;
wger-684-underhand-lat-pull-down;Underhand Lat Pull Down;Back;Bodyweight;Pull;Intermediate;FatLoss|Definition|MuscleGain|Fitness;3;8;12;90;wger|back|bodyweight|pull|latissimus-dorsi;
wger-694-upright-row-w-dumbbells;Upright Row w/ Dumbbells;Shoulders;Dumbbell;VerticalPush;Intermediate;FatLoss|Definition|MuscleGain|Fitness;3;8;12;90;wger|shoulders|dumbbell|verticalpush|anterior-deltoid|trapezius;
wger-695-v-bar-pulldown;V-Bar Pulldown;Back;Bodyweight;Pull;Intermediate;FatLoss|Definition|MuscleGain|Fitness;3;8;12;90;wger|back|bodyweight|pull;
wger-702-calf-raises-one-legged;Calf raises, one legged;Legs;Bodyweight;CalfRaise;Intermediate;FatLoss|Definition|MuscleGain|Fitness;3;12;15;75;wger|legs|bodyweight|calfraise|gastrocnemius;
wger-693-upright-row-sz-bar;Upright Row, SZ-bar;Shoulders;Barbell;VerticalPush;Intermediate;FatLoss|Definition|MuscleGain|Fitness;3;8;12;90;wger|shoulders|barbell|verticalpush|anterior-deltoid|trapezius;
wger-713-wall-pushup;Wall Pushup;Arms;none (bodyweight exercise);Isolation;Intermediate;FatLoss|Definition|MuscleGain|Fitness;3;12;15;75;wger|arms|none-bodyweight-exercise|isolation|anterior-deltoid|pectoralis-major|triceps-brachii;
wger-691-upright-row-on-multi-press;Upright Row, on Multi Press;Shoulders;Bodyweight;VerticalPush;Intermediate;FatLoss|Definition|MuscleGain|Fitness;3;8;12;90;wger|shoulders|bodyweight|verticalpush|anterior-deltoid|trapezius;
wger-202-dumbbell-concentration-curl;Dumbbell Concentration Curl;Arms;Dumbbell;Isolation;Intermediate;FatLoss|Definition|MuscleGain|Fitness;3;12;15;75;wger|arms|dumbbell|isolation|brachialis;
wger-441-overhead-squat;Overhead Squat;Legs;Bodyweight;Squat;Intermediate;FatLoss|Definition|MuscleGain|Fitness;3;8;12;120;wger|legs|bodyweight|squat;
wger-530-run-treadmill;Run - Treadmill;Other;Bodyweight;Bodyweight;Intermediate;FatLoss|Definition|MuscleGain|Fitness;3;8;12;90;wger|other|bodyweight;
wger-537-incline-bench-press-dumbbell;Incline Bench Press - Dumbbell;Chest;Dumbbell;HorizontalPush;Intermediate;FatLoss|Definition|MuscleGain|Fitness;3;8;12;90;wger|chest|dumbbell|horizontalpush|pectoralis-major;
wger-659-triceps-extensions-on-cable;Triceps Extensions on Cable;Arms;Bodyweight;Isolation;Intermediate;FatLoss|Definition|MuscleGain|Fitness;3;12;15;75;wger|arms|bodyweight|isolation|triceps-brachii;
wger-674-rowing-with-trx-band;Rowing with TRX band;Back;none (bodyweight exercise);Pull;Intermediate;FatLoss|Definition|MuscleGain|Fitness;3;8;12;90;wger|back|none-bodyweight-exercise|pull;
wger-718-wall-squat;Wall Squat;Legs;none (bodyweight exercise);Squat;Intermediate;FatLoss|Definition|MuscleGain|Fitness;3;8;12;120;wger|legs|none-bodyweight-exercise|squat|biceps-femoris|quadriceps-femoris;
wger-173-crunches-with-cable;Crunches With Cable;Core;Bodyweight;Core;Intermediate;FatLoss|Definition|MuscleGain|Fitness;3;12;20;60;wger|core|bodyweight|rectus-abdominis;
wger-1084-dumbbell-floor-press;Dumbbell Floor Press;Chest;Dumbbell;HorizontalPush;Intermediate;FatLoss|Definition|MuscleGain|Fitness;3;8;12;90;wger|chest|dumbbell|horizontalpush|pectoralis-major;
wger-1688-kickstand-rdl;Kickstand RDL;Legs;Barbell;Squat;Intermediate;FatLoss|Definition|MuscleGain|Fitness;3;8;12;120;wger|legs|barbell|squat|biceps-femoris;
wger-1567-alternating-dumbbell-hammer-curl;Alternating dumbbell hammer curl;Arms;Dumbbell;Isolation;Intermediate;FatLoss|Definition|MuscleGain|Fitness;3;12;15;75;wger|arms|dumbbell|isolation|biceps-brachii;
wger-1847-straddle-l-sit;Straddle L-Sit;Core;none (bodyweight exercise);Core;Intermediate;FatLoss|Definition|MuscleGain|Fitness;3;12;20;60;wger|core|none-bodyweight-exercise|rectus-abdominis;
wger-1852-l-sit;L-sit;Core;none (bodyweight exercise);Core;Intermediate;FatLoss|Definition|MuscleGain|Fitness;3;12;20;60;wger|core|none-bodyweight-exercise|latissimus-dorsi|pectoralis-major|rectus-abdominis;
wger-1853-l-sit-foot-supported;L-Sit (Foot Supported);Core;none (bodyweight exercise);Core;Intermediate;FatLoss|Definition|MuscleGain|Fitness;3;12;20;60;wger|core|none-bodyweight-exercise|latissimus-dorsi|pectoralis-major|rectus-abdominis;
wger-1940-diaphragmatic-breathing;Diaphragmatic Breathing;Other;Bodyweight;Bodyweight;Intermediate;FatLoss|Definition|MuscleGain|Fitness;3;8;12;90;wger|other|bodyweight;
wger-1951-foam-roll-adductors;Foam Roll Adductors;Legs;Bodyweight;Squat;Intermediate;FatLoss|Definition|MuscleGain|Fitness;3;8;12;120;wger|legs|bodyweight|squat;
wger-1954-roll-overs-into-v-sits;Roll-overs into V-sits;Legs;Bodyweight;Squat;Intermediate;FatLoss|Definition|MuscleGain|Fitness;3;8;12;120;wger|legs|bodyweight|squat;
wger-1960-rear-foot-elevated-hip-flexor-stretch;Rear-foot-elevated Hip Flexor Stretch;Legs;Bodyweight;Squat;Intermediate;FatLoss|Definition|MuscleGain|Fitness;3;8;12;120;wger|legs|bodyweight|squat;
